value,type
3M Poland,plain
yHacDhmib,hash
3M Wrocław,plain
kbhVBEPhni,hash
3W Dystrybucja Budowlana,plain
pqtSfbqzFULnEAskeizlSzsb,hash
A. P. N. Promise,plain
NpyEXSUGLalQMKUd,hash
A. Schulman,plain
LjwNoFOMYAi,hash
AAT Holding Warszawa 1555,plain
BgpEGQBzXnJMTvbZBoPxmvOlJ,hash
AB Bechcicki,plain
RwvqLUvaJMbI,hash
AB Foods,plain
QGjsqJjq,hash
AB,plain
oo,hash
ABB,plain
yNG,hash
ABC Data,plain
IABiJzkf,hash
ABP Poland,plain
JzHpnTioJI,hash
Abramczyk,plain
XvehLLzWZ,hash
AC,plain
vD,hash
Accenture Services,plain
fzxhevYlhjlGccGnPN,hash
Accenture,plain
sexvJNlJi,hash
ACEL,plain
zLBd,hash
Action,plain
njBOty,hash
Adamed Pharma,plain
eIoevntZAlcfV,hash
Adampol,plain
bZhfvXW,hash
Adidas Poland,plain
KFvpWynabQFZf,hash
Adler,plain
EPfdF,hash
ADM Warsaw,plain
GObVllAwOg,hash
Adpilot,plain
odCARXE,hash
Adros,plain
dmQsN,hash
Advatech,plain
BygYmYoS,hash
Adwa,plain
wHax,hash
AEBI Schmidt,plain
SIYrmGItxKAV,hash
Aelia Polska,plain
AkAlRxadtgOs,hash
Aesculap Chifa,plain
ApuXiYQcJhMquJ,hash
Agora,plain
LCeLs,hash
AGP Metro Polska Astaldi,plain
KxTuYSMvEcFZQOYCYecrmxzz,hash
Agraimpex,plain
kxVNsmroR,hash
Agri Plus,plain
OTQTobicY,hash
Agricola-Lublin,plain
ewMCDMSXyWBLvQI,hash
Agro-AS,plain
syePdds,hash
Agro-Bakałarzewo 539,plain
QoNBZsvnyXlJRyfWMJyQ,hash
Agrocentrum,plain
vfaDBYOHBIv,hash
Agrochest,plain
qmZsqEyLQ,hash
Agrofirma Witkowo,plain
rxNcRXrxmloeUJyoI,hash
Agrolok,plain
vVvtWHU,hash
Agros Nova Soki,plain
JmVnxPyUQuTmaIm,hash
Agrosimex,plain
iKPdCIdct,hash
AHC Krotoski - Cichy,plain
WTaTjBhVLerWvswdvrjq,hash
Ahlers-Poland,plain
BPOigDsPUAjRK,hash
AIR Liquide Polska,plain
TFSKdfqzDrRsBurMOx,hash
AIR Products,plain
OzqYOVRKvckb,hash
Akwawit - Wratislavia ,plain
SHVEeZLBHQfyXxHeShAoWK,hash
Akzo Nobel Car Refinishs,plain
CINAbFrqUoeZGxytVolqpFov,hash
Akzo Nobel Decorative Paints,plain
fIOrUnxuAhZiTzWoOjGahstYXsHF,hash
AL BA Podlaskie Centrum Mięsne,plain
adJCpHKtKGgmBYXMFAGJGUgdhwmmBt,hash
Albea Warsaw,plain
qrrQlPCoHhWj,hash
Albo,plain
QZjS,hash
Alchemia,plain
yQkQgdir,hash
Alcon,plain
XRTmP,hash
ALDI,plain
kynC,hash
Aldik Nova,plain
OSXvMjRtaq,hash
Alfa Elektro,plain
zlCzNrtRmZIH,hash
Alfa Star Biuro Podróży,plain
YTNOsipGPOHCvvteQGnTSAO,hash
Alicja,plain
qcpCag,hash
Aliplast,plain
IPhldVZd,hash
Allcon Budownictwo,plain
qDEfekavuLUaVHYCvM,hash
Alma Market,plain
zEOGGypdiTk,hash
Alpan,plain
leDiZ,hash
Alpha Technology,plain
iFrEHTlQFdbZGpDi,hash
Alpla NDM,plain
EwfcATBDj,hash
Al-Samer,plain
FrMfsHXH,hash
Alstal Grupa Budowlana,plain
DOQzaVgZYBvPocNAPStKWM,hash
Alstom Konstal,plain
ZpPqjQvBeEawBd,hash
Alstom Power,plain
SceLNJIcCKBx,hash
Altrad-Mostostal,plain
ZKPsLAsNgswzdJSi,hash
Alumetal,plain
OxxNwwbx,hash
Aluprof,plain
pARxEDk,hash
Alwernia 950 (167),plain
GRIVSsnXDVPAcOncRu,hash
Ambra,plain
Wwpks,hash
Amco,plain
brwn,hash
Amcor Flexibles,plain
lfeUBurCufchBZh,hash
Amcor Tobacco Packaging,plain
CpUqgfBpULFGuDWWDVBHwnv,hash
Amex PUH,plain
WCbUFemp,hash
Amica Wronki 192 (50),plain
nixTeHZSjMoYgXMPqgTLm,hash
Amitech Poland,plain
gUCMUlpRLMfIKM,hash
Amlux sp. z o.o.,plain
tqmgJjdezkuCAcGl,hash
Ampol-Merol,plain
FouIOVOYxFG,hash
AmRest Holdings,plain
IKCBMKhuRWKjdHz,hash
Anda-Dystrybucja,plain
xGpKtVgADMRwHubR,hash
Andrewex,plain
pBBPoxkh,hash
Andropol,plain
ZlXGWaMk,hash
Angelini Pharma Polska,plain
dmCWGFGZncvdCmsDpMVEbS,hash
Animex,plain
VscJeu,hash
Anpharm,plain
LSeRvbT,hash
Antalis Poland,plain
iLkIxqogUUUUFB,hash
Anwil,plain
rmvLO,hash
Anwim,plain
Jvnfr,hash
Apart,plain
VHPPf,hash
Apator Metrix,plain
szWabyhTDFyLi,hash
Apator Powogaz,plain
FVbbOnsfnSXmDu,hash
Apator,plain
ekqVFf,hash
Aqua,plain
LjoW,hash
Aquanet,plain
OoKPWxZ,hash
Aquila Radomsko,plain
CLYgzGEhQoXgyyy,hash
Arbet Fabryka Styropianu,plain
MmJypzIXnNeIMGtGLycruLBC,hash
ArcelorMittal Construction,plain
hkiZCryOvKKAgnzNdCKkgnCmqI,hash
ArcelorMittal Poland,plain
gQLjiUzWLdmxGheoBZsz,hash
ArcelorMittal Tubular Products,plain
IaaRNWQsNyRMjxbSZexOQhlqLvgvdE,hash
Arche,plain
PSSBH,hash
Arctic Paper Kostrzyn,plain
MsLHnhzCtqUITPTaezYtT,hash
Arcus,plain
kGoyX,hash
Ardagh Glass Gostyń 760,plain
zcQlEbKwLAZliilGPLEyHaf,hash
Arge Paliwa,plain
EyMnMfxYoKq,hash
Arhelan Burzyńscy,plain
YEoOHFqbgyVzmlyEy,hash
Aris Polska,plain
qvfbWSFtFxl,hash
Arkus & Romet Group,plain
JPzWoIfSlsSPEwrCzof,hash
Armatura Kraków 1168,plain
iSTvXgmvrmvOlwayBOfS,hash
Arrow ECS,plain
paNYifako,hash
Arteria,plain
teKbZmZ,hash
Arval Service Lease,plain
dXBQjmJrPaensoZAJnu,hash
Asaj,plain
RbpV,hash
Asbis PL,plain
qYnGGVCq,hash
Asclepios,plain
FWYwkBmVo,hash
ASEC,plain
BdjE,hash
Ashland Poland,plain
tdkjpFWsPanSio,hash
ASK Poland,plain
WinAxNxvKH,hash
ASM Group,plain
NzjOAplGz,hash
Asseco Business Solutions,plain
IdyoThpKjjnuRItLjrsBQcVdy,hash
Asseco Poland,plain
kkRZlMpYikoOh,hash
Asseco South Eastern Europe,plain
sYrUmXTTLPPiQAGKAdSrphFcwaa,hash
Astellas Pharma,plain
rhwqQcPMqoKrZui,hash
Astral,plain
MNpLLs,hash
AstraZeneca Pharma Poland,plain
TsvYehuCQJuzsRohJsUwkEotv,hash
Asus Polska,plain
MoKWBsqjVJF,hash
A-T,plain
Jgy,hash
Atal,plain
FSjz,hash
ATC-Cargo,plain
qehgXGfRK,hash
ATEM Polska,plain
XGhDFYFngyE,hash
Atena UIiF,plain
PxqVXYmOpw,hash
Atende,plain
Zzwehz,hash
Ateneum,plain
VhhUgMW,hash
Atlanta Poland,plain
FynFbgLnUrhavI,hash
Atlas,plain
lDQqV,hash
ATM Grupa,plain
oYBypBKxE,hash
ATM,plain
quI,hash
Atos IT Services,plain
SxCokHfIXXJByCAG,hash
ATP Polska,plain
EnHDnoVFZV,hash
ATS,plain
WbF,hash
Auchan Polska,plain
bfzrNThiMXgRO,hash
Auto Boss,plain
EYjiUhwPs,hash
Auto Gum,plain
BFqiCJto,hash
Auto Idea,plain
EUdQmzwbY,hash
Autodistribution Polska Aftermarket,plain
pnFwdImMZJnQMcynWQaoyXlJoDFoFkkulvJ,hash
Auto-Land,plain
DeURKrWcH,hash
Autoliv Poland,plain
degDkwOORnkMCp,hash
Autopart,plain
XbsofPhh,hash
Autos,plain
ATbeq,hash
Autostrada Eksploatacja,plain
WzdRrViXqsdpmLzhjPqVVfL,hash
Autostrada Wielkopolska II,plain
jOECqjpLXKhOBGhJSSfGEBlVdc,hash
Autostrada Wielkopolska,plain
OxpjgIQGolbjodeUJPPugTQ,hash
Avio,plain
aIPR,hash
Avnet,plain
XGaYh,hash
Avon Operations Polska,plain
rVHWRxTunqULuRIVAnyWxK,hash
Awbud,plain
lNviR,hash
Aweco Polska Appliance,plain
FeQUeesPsBbMbwKYvXvepR,hash
Azoty Tarnów 19 (48),plain
wkQjTGrrNCVTGsuXLuVR,hash
B.Braun Avitum,plain
vxXZNHqkiVyYRv,hash
B.S.K. Return,plain
eHyVYkIQBeFCe,hash
Bacardi-Martini Polska,plain
SVADkgmlDBrtzOkNWcYRCL,hash
Backer OBR,plain
XdtKOXgQQi,hash
Bać-Pol,plain
FjLIbXn,hash
Bagpak Polska,plain
QTcuTODtLqIgA,hash
Bakalland,plain
skjUYYGcV,hash
Bakoma,plain
uhnVZG,hash
Balcerzak i Spółka,plain
eWPJkYCdxRWgebMOXr,hash
Balex Metal,plain
IcpnQSIvPCI,hash
Baltona,plain
fNcPalH,hash
Barlinek,plain
OBKfnZaX,hash
Barry Callebaut Manufacturing,plain
BQThcCIjOOLOFeVWavirYOPwiGvlM,hash
Bart,plain
ibAQ,hash
Barter,plain
XMBUrV,hash
Bartex-Bartol,plain
FQnYDPgvArRBm,hash
Basell Orlen Polyolefins,plain
GldlgHSlbthNKVPAWvgmrbgC,hash
BASF,plain
hwhe,hash
BAT Firma Handlowa,plain
OLpYevnUnPPsqWRQSx,hash
Batim TMiS,plain
CrseRxITtF,hash
Batna,plain
bxRZH,hash
Bauer Media,plain
FCGTUufVhKJ,hash
Baumit,plain
kJBiFq,hash
Bawaria Motors,plain
fsJDjXiHfkzBFw,hash
Bayer,plain
RVMYG,hash
BBK,plain
vyD,hash
Beczkopol,plain
XcenRRTbS,hash
BEL Polska,plain
xPYzOKiRGf,hash
Bell Polska,plain
cfYGsZwmhcc,hash
Bella,plain
rssjg,hash
Belma Accessories Systems,plain
zCkrXxinprUERXcPMmEyOxoyV,hash
Beloil Polska sp. z o.o.,plain
uyaQkLeQVcbwsoJcCIIIMvfg,hash
Bel-Pol,plain
VebUwCh,hash
Bemar,plain
fkyjD,hash
Benefit Systems,plain
qTItEohZrEmiiEC,hash
Berlin Chemie Menarini,plain
PziRxLRZbSWCyNgHkFclaV,hash
Best Foods Polska,plain
ujMHMetJiHppujrLH,hash
Best Oil,plain
wIgsUUcI,hash
BEST,plain
pzye,hash
Besta PB,plain
MpnZgqQy,hash
Betardo,plain
lexWcDJ,hash
BGW Wielobranżowe Przeds. Handlowe,plain
fCSBfwCfizTyUCKTyIgjpGJJCEBcpUBBxG,hash
Bialchem Group,plain
TOpJxFKyjOXRRN,hash
Bianor,plain
FMCwWT,hash
Biazet,plain
gmqBdP,hash
Bielmlek SM,plain
dSwwiHSvCqp,hash
Bilfinger Industrial Services,plain
MfKarRTkKzBKweVFyGpePyXJnndiP,hash
BillBird,plain
CushdhFC,hash
Bimaro,plain
LQzAma,hash
BIMs Plus FHH,plain
mVwXXMZIXnAAz,hash
Binder International,plain
ggQgxSadKbockJBlepqW,hash
Bioagra,plain
yTZhGyZ,hash
Bioton,plain
dxvVnY,hash
Bitner,plain
hZShXr,hash
BJB,plain
puE,hash
Black Lion NFI,plain
cttgnLyVrcUZvw,hash
Black Red White,plain
xyQoyYPhdNSJHtz,hash
Blek Meble,plain
znfEdktgnM,hash
Blending,plain
FwDYooYK,hash
Blue Media,plain
stvahYgGmL,hash
BluePay,plain
TTbmsvV,hash
Blum,plain
QyIO,hash
BM Reflex,plain
DjVgQWZwK,hash
Bobrek PMN,plain
NMXWxbOFfC,hash
Bobrek,plain
GzpJrX,hash
Bodex,plain
FImNR,hash
Bodzio,plain
zzNIle,hash
Boehringer Ingelheim Marketing,plain
wqhCFMGOCeWlXSeEuclrmNgrLEdDxi,hash
Bolmet,plain
uHfTmB,hash
Bomadek,plain
sBVoCNp,hash
Bombardier Transportation,plain
WjsRiThJjGQHkgbFcWPwjsOZi,hash
Bombardier Transportation,plain
JzjlnWTxiTlhgRRKOzqtQRTvX,hash
Bonduelle,plain
tivDiegoU,hash
Borg Automotiive,plain
lsCoUHgpCIwgkTqn,hash
Boryszew,plain
HTbLsSFQ,hash
Bos Automotive Products,plain
eeEISjScMmUmtpttEyWxPlN,hash
Bosch Rexroth,plain
OMXooVxEJKaXj,hash
Bowim,plain
CTqrc,hash
BP Europa SE,plain
SUGHKHCznkoN,hash
Brandt,plain
JpCnjH,hash
BRE Leasing 794,plain
wcPYnbcseABYGfz,hash
Brembo,plain
EqxonL,hash
Brenntag Polska,plain
BcgEhlshieuyKlF,hash
BRIJU,plain
wolTM,hash
Brisa Investments,plain
wvWTFpDUGonmEaAxF,hash
British American Tobacco Polska,plain
DrLnyxQuJgHphJoOmClQCnXDaFBCenG,hash
British American Tobacco Trading,plain
VALWpMpnoTqrOVbodhHFOXpcUKYnxfDW,hash
Browar,plain
hmfFwy,hash
Brown-Forman,plain
apqpTrWDbxhR,hash
Brüggen Polska,plain
GNsBzsONUcSHNS,hash
Brügmann,plain
pCjtBlDD,hash
Bruk Bet,plain
TyzQIPBu,hash
Bruno Tassi Dworakowski,plain
DukLUubrfEmzSAghokFVBHJ,hash
Bruno Tassi Północ,plain
lJrMRtaBdAYWOVpztA,hash
BRW,plain
WHh,hash
BSC Drukarnia Opakowań,plain
YVXVzwYBJhhexKJEHiFvjc,hash
BSH Sprzęt Gosp. Domowego,plain
ubPjLxVkdhXGulbEpIjJVrRxa,hash
BTH Import-Stal,plain
JomWrIrBFQHozXQ,hash
Budimex,plain
VQaPimj,hash
Budmat Auto,plain
cKoXgIaKwSy,hash
Budmat Bogdan Więcek,plain
OdcczKhCDasyguSjnEXd,hash
Bulten Polska,plain
JaScYvkqNGtfq,hash
Bunge Trade Polska,plain
tzFUAgGtmcaaXNvFMI,hash
Bury,plain
Wtzt,hash
BWI Poland Technologies,plain
RlKnSQwWbQxuildUeYTOfpD,hash
C Olsen Trading,plain
WCxvfLBlOMzowGq,hash
C&A,plain
zjx,hash
C.Hartwig Gdynia 1217,plain
OBLHAdmsRIKaxYCHRKCcr,hash
C.M.C.,plain
wMyoZM,hash
Calz Polska,plain
MBhXwzeNUcY,hash
Camaieu,plain
bLLUeqL,hash
Canon Polska,plain
ilexrNtSkKZL,hash
Can-Pack General Line,plain
QScQdXmcvjtgZDbbvjftf,hash
Can-Pack,plain
rNivcfAH,hash
CapGemini Polska,plain
OvmZcqCmHObJKGqC,hash
Carat Polska,plain
JiyJRyDWQITz,hash
Cargill Poland,plain
yvvspAtmKJPFws,hash
Cargo Partner Spedycja,plain
kWUHgGnRLeWZOcaDZUqpdX,hash
Cargotec Poland,plain
RiDhQxsBOHNqazL,hash
Carlsberg Polska,plain
YvgKDIuuWpGCgnYt,hash
Carmen,plain
Etybob,hash
Carrefour Polska,plain
iQojGlHdEhHeDScN,hash
Carsed,plain
QiDuyt,hash
Carservis,plain
zxuUKzzcE,hash
Casino,plain
lGzGMd,hash
Castorama Polska,plain
kVOBQqScZDiVrlzf,hash
CBM Polska,plain
RwTBojvtlL,hash
CCC,plain
SNJ,hash
CD Projekt,plain
GOKEnbyeXn,hash
CDRL,plain
oBUj,hash
Cebula Transport,plain
ecwfgUkNJBMAbdOU,hash
Cederroth Polska,plain
WHGzuvfTbMRbVbzD,hash
CeDo,plain
uvxm,hash
Cefarm Hurt Białystok 1038,plain
bSQcPxQYvxBbbgCAMmjhSIPkgp,hash
Cefarm Wrocław 502,plain
aizXpKwmewqvxPdGxW,hash
Cefetra Polska,plain
yxFJwopzgpaYwk,hash
Celsa Huta Ostrowiec 152,plain
PmiiAptBkTuloFZfLOgsZmwG,hash
Cementownia Odra,plain
bVmQKRIndNbgMphh,hash
Cementownia Warta,plain
nkRVsbXEBLJSdhYLu,hash
Cemex Polska,plain
BIxnSgwXGnNV,hash
Centrala Farmaceutyczna Cefarm,plain
OVLuvBPLiJRKeSQBXPWxPWXfpFbqpZ,hash
Centrostal Kielce 1515,plain
PeiATCLrdCVACFixPidBSB,hash
Centrostal Wrocław 1239,plain
rkoziLSUCQBQmPUJwclnjkU,hash
Centrozłom Wrocław 305,plain
JMdIaArNTAqdemisFZpQBz,hash
Ceramika Nowa Gala,plain
twZPaHOHdtpsmQKoRV,hash
Ceramika Paradyż,plain
oqkBNrgeQyNsxJLv,hash
Cersanit IV,plain
FzfTvXqShnk,hash
Cezal,plain
IMYJC,hash
CFE Polska,plain
BaAkHGNgWG,hash
Chemirol PHU,plain
fDVfXFPhIexq,hash
Chemobudowa,plain
iKrzFlXnkgU,hash
Chemoservis-Dwory,plain
coJDSEBWqERyOXPpP,hash
Chempest,plain
ZupkQMke,hash
Chep,plain
kQQB,hash
Chespa,plain
XWuTCX,hash
Chwilówki PFK,plain
lAdocDCbHiSgi,hash
Ciech Pianki,plain
FGvIsMyUOruu,hash
Ciech,plain
rHXXK,hash
Cinkciarz PL,plain
VXvyUKnDnOCj,hash
Cisco Systems,plain
OXSpZzfqgcTXs,hash
Citronex I,plain
TBpTfhdcAW,hash
C-L,plain
gfO,hash
Claas Polska,plain
gMcrvrjOyQIX,hash
Clico,plain
Qvqnh,hash
CMC Centrozłom,plain
OoBvEPtCTNZagv,hash
CMC Poland,plain
DeQhEhkpdf,hash
CNH Polska,plain
iaHtFmGfJP,hash
Cognor,plain
ZooNbM,hash
Colian,plain
wjmllM,hash
Colmec,plain
ieVINj,hash
ComArch,plain
GUlwrBQ,hash
Comp,plain
Nzrb,hash
Comparex,plain
NEfdDImj,hash
Consorfrut,plain
xdFrQTVCgC,hash
Constantia Colorcap,plain
ZEUGYCtexJBYTXBDdTB,hash
Constantia Teich Poland,plain
PMOfsuTprqToGjceSBSkFzy,hash
Constract,plain
CjFQgKlVd,hash
Continental Opony,plain
KxFuwysVToSCSSXMq,hash
Contractus,plain
hwbUqbtqOT,hash
Coroplast,plain
IxlixqIRl,hash
Cotta Polsterwerke,plain
yDjcLhaeENTfeTNKqe,hash
Coty Polska,plain
sdtvcbLwKEx,hash
Covidien,plain
PGQrylTC,hash
CPP Toruń-Pacific 452 (119),plain
MeNiWzwMyZTUJGEhGpRxBrpSbjY,hash
Crist,plain
AKnef,hash
Cronimet PL,plain
DEfDpGLOkWv,hash
Crown Packaging,plain
ansLpRNOhymUcZp,hash
CSF Poland,plain
nuuVCnKtNA,hash
CUBE.ITG,plain
QHPHwCid,hash
Cuiavia OSM,plain
KvFqyoKJOHy,hash
Cukiernia Sowa,plain
xMHuwPAaQfXlOi,hash
Curver Poland,plain
MICFwDAnNqtBp,hash
Cyfrowe Centrum Serwisowe,plain
qBSWHBukONzvcAykqqQbxVIxr,hash
Cyfrowy Polsat,plain
lGKgqOsVdNUVxz,hash
Czerwona Torebka,plain
neTxyBMPTODyFyQD,hash
Dachser,plain
FyjqwTO,hash
Daedong Poland,plain
fgqaxWvmuIAHFA,hash
Daewon Europe,plain
KgIQrjZjFbFAq,hash
Daicel Safety Systems Europe,plain
BrbouoBLCdOtuViSLCTdISKLTHuy,hash
Dajar,plain
PTRMe,hash
Dako Drukarnia,plain
onRXxUSVmaHjPv,hash
Dalgety Agra,plain
fpGmnZgwinII,hash
Dalkia Łódź 315,plain
nAqzlSrHXZkIlYm,hash
Dalkia Poznań Zespół Elektrociepłowni 617,plain
EgBMatOdVBDJGulzfkNclFCCYXJTZiyGlPfeOGpbs,hash
Danfoss Power Solutions,plain
NZOhIivVhMLaKXykvZRTMuN,hash
Danfoss,plain
tegouou,hash
Dania Fast Food,plain
qOVkXfIlCzgKgJn,hash
Danone,plain
LAWDoA,hash
Dan-Pol,plain
KLkPFPa,hash
Danwood,plain
WgBwImC,hash
DBK,plain
sWh,hash
DCT Gdańsk,plain
ytdEmGINMy,hash
DE Heus,plain
iyDgixF,hash
Decathlon,plain
ahwTZYGjs,hash
Decco,plain
QnEea,hash
Decora,plain
YcYeyI,hash
Decsoft,plain
MSaZLNU,hash
Deichmann Obuwie,plain
lBEyUhyzTStVsIWH,hash
Dekorglass Działdowo 1606,plain
fBWzgYcISxqMpKvoczeyYXaRV,hash
Dekpol,plain
xPLGWS,hash
Delaval Operations,plain
WYktakZXOGMGsfrlIm,hash
Delfo Polska,plain
ITSWVQUBCyEq,hash
Delitissue,plain
otsasCqJpi,hash
Delko,plain
mcrXr,hash
Dell Computer Poland,plain
jAkGRkuxAFCVZWoxFvcK,hash
Deloitte Advisory,plain
ZZVhKPhuCfmpGZKkt,hash
Delphi Poland,plain
NwWVmNcUIGDPR,hash
Delta Oil Plus,plain
qWMzxxCwwFpAaK,hash
Delta Trans Transporte,plain
doikWWLAMuDeTffbuZitJI,hash
Delta Trans,plain
PgqhrcWmnIm,hash
Den Braven East,plain
BEyHKpZQVTNiSuJ,hash
Dendro Poland Ltd,plain
BuMMXfSLpNqaLGlKZ,hash
Depenbrock Polska,plain
irTQqmmimuIfqLGzM,hash
Destylacje Polskie,plain
SskCCWKfJguGWFKbwL,hash
Destylarnia Sobieski,plain
MSNOrSbAUvUCWLCgrKcy,hash
Develey Polska,plain
DyZJKOkXFfbuPI,hash
Dębica Firma Oponiarska 164 (30),plain
VyvzYNbMihQpVsmynwBukOOcEEOTDtZk,hash
DFM,plain
nLS,hash
DHL Express,plain
PHFgDODeOwT,hash
DHL Global Forwarding,plain
UNheeOcKaMbOZzejLJAKF,hash
Diaverum Polska,plain
dVBbEBgHhimXRwP,hash
Dick Inter,plain
IhrDxVNNrd,hash
Diehl Controls,plain
orYLVLXyEvmkPA,hash
Diesel Truck,plain
vGBUsVNIYRGj,hash
Dimension Data Polska,plain
ooOphFVrQOiCKISZCkOWm,hash
Dino Polska,plain
lhvQwoPqPNB,hash
Diversey Polska,plain
nwlSUWVqXltUzoK,hash
Dolkom,plain
AaOkya,hash
Dolnośląskie Surowce Skalne,plain
PdNeAukntQHgeFSzkcwgmugGPvK,hash
Dom Development,plain
aHWPkYdXMYGSYBn,hash
Dombud,plain
cXBwyL,hash
Domicela,plain
UnsnClhz,hash
Donauchem,plain
CoHUmzYiv,hash
Dong Yang Electronics,plain
sntkYlZxjJOgWklWMFWoV,hash
Doraco,plain
EZPYCE,hash
Dossche,plain
YWNxqLo,hash
Dovista Polska,plain
eirdiySPNiqBON,hash
DPD,plain
mXy,hash
Dr Eris,plain
pepGDvj,hash
Dr Oetker,plain
qppZvAirk,hash
Dr. Schneider Automotive,plain
tWcWYmJLFxaNIMmmqloGHSiu,hash
Drobex,plain
LOJmCC,hash
Drobimex,plain
LVANqMnb,hash
Drog-Bud,plain
QcYwlBgN,hash
Drop,plain
LNrv,hash
Drosed,plain
OgKRTa,hash
Drozapol-Profil,plain
zIFeRNdirFbGvqL,hash
Drumet Liny i Druty,plain
fwtzHttxhJfwRPvjNfR,hash
Drutex,plain
AmQrfx,hash
DS Smith Packaging,plain
IiBNeSUDnJgCPBcsAA,hash
DSV Road,plain
FFTMsBCg,hash
Duda PKM,plain
nmXjYXrT,hash
Duni Poland,plain
atqUAZkffJe,hash
Duo,plain
cMJ,hash
Duon Dystrybucja,plain
UKrJGYouXGCoQVBN,hash
Duon,plain
OWHk,hash
Dupont Poland,plain
OHbFDbfHTmqlF,hash
Dyckerhoff Polska,plain
JHKKwkvPQNaISUqGK,hash
E100 Polska,plain
GAyQGFsNNNi,hash
Eaton Automotive Components,plain
HWzpvHCQgPGpkWzfJpXfDSCOZrI,hash
Eaton Electric,plain
CJTRJXrJaLzLly,hash
Eaton Truck Components,plain
XMftnipMoUXncbLUFoKcjS,hash
EC Elcho,plain
uvTuPCsa,hash
EC Nowa Sarzyna 819,plain
hHFlCBPHRHMfqQjIvHS,hash
EC Zielona Góra 687,plain
yBHsMxgBWnLhrZNtVab,hash
Echo Investment,plain
fffJscUUqByQhIl,hash
Eco Fruits,plain
TPzUcrBXzE,hash
ECO,plain
icP,hash
Ecosteel,plain
BBjnkcMZ,hash
EDF Paliwa,plain
xCajKyrvVk,hash
EDF Polska,plain
GhDQGwOmWw,hash
EDF Toruń 1797,plain
oHknZpfqfZTZgp,hash
Effect Glass,plain
qVufOaFFfoxG,hash
EFL,plain
EuA,hash
Egis Dystrybucja Polska,plain
VWKdVVvrdezZjFtiGfCXGRu,hash
Eiffage Polska,plain
elXlBUrIQPIIpA,hash
Eko Alu,plain
TfIxoCL,hash
Eko Holding,plain
AHDxZrVaYvI,hash
Ekoinstal,plain
EIEVHjiUh,hash
Ekoland,plain
ynpsrxS,hash
Ekologiczne Materiały Grzewcze,plain
HBSWWenkTVeUjiDEFpJRnEzizPOPPC,hash
Ekotrade,plain
XONiMFel,hash
Eksa,plain
Scdc,hash
El Plus,plain
cpilxDS,hash
Elbis,plain
LfEZI,hash
Elblągdis,plain
YLRUDYbSH,hash
Elea Polska,plain
AgsqdGzHYeI,hash
Electrolux Poland,plain
aqPZYoMtZtHTqykXn,hash
Electronic,plain
MLbGsFFFjZ,hash
Elektrobudowa,plain
GeYhqOeIdFXHI,hash
Elektrociepłownia Będzin 1868,plain
stbwErXOIwPrSabqfIqICYSjXQJNT,hash
Elektrometal,plain
XTaIVFAiSofW,hash
Elektromontaż Poznań 1876,plain
FVPlOOmNMMEUvomdhCehDRICQ,hash
Elektromontaż-Rzeszów 1656,plain
eUEatyxLzBbHBdfVbeGVTvGHVx,hash
Elektro-Spark,plain
GWfePGaNZOVTC,hash
Elektrotim,plain
OpXMfxXoye,hash
Elektrownia Pątnów II,plain
MZRmTFbLEjdFFsdHjYNpt,hash
Elektrownia Połaniec 154,plain
PNypfBaFCaPJknDvHWSdwkHB,hash
Elektrownia Skawina,plain
NGMuXcrAGWCqABRRNwS,hash
Elemental Holding,plain
MODfLXSPWYBQFSRfU,hash
Elica Group,plain
KcfmOMctaCJ,hash
Elkabel Szczygielski,plain
DLcvVKqtcAOaXgOSGuSs,hash
Elpar,plain
bDlOf,hash
Eltech,plain
igAyiY,hash
Eltur-Serwis,plain
QZfQBjKXmPzq,hash
EMC Instytut Medyczny,plain
dtPOgdIwiTRJBNYwNNSFj,hash
Emerson Polska,plain
sWoBqrOlYpYpmo,hash
Emperia Holding,plain
SgItoCxtsYIYeOY,hash
Empik Media & Fashion,plain
uvxZmvirafHvJEvEAWJQs,hash
Emre Kantor,plain
ilyPtNQuiwO,hash
Emtor,plain
wPDqi,hash
Enea,plain
UOkO,hash
Enel-Med,plain
VYGFsiGR,hash
Energa - Operator Logistyka,plain
sYQapVjaNpRcqolrJWtYnEuHNAM,hash
Energa Elektrownie Ostrołęka 327,plain
kqsPgsHlshgQjKQKsgLWBjxQdGcoaClY,hash
Energa Obsługa i Sprzedaż,plain
SucoCHLISExhxLHDjorxsUOgu,hash
Energa,plain
ZIExWG,hash
Energa-Obrót,plain
SJRdFIAJfwxu,hash
Energa-Operator,plain
IfhMGCaoYUeRtFD,hash
Energoinstal,plain
fxEXoZBWiVjh,hash
Energomontaż Zachód,plain
NbnaByjsYrBmijcaSIk,hash
Eneria,plain
kMtBsd,hash
Enesta,plain
neYjGJ,hash
Enter AIR,plain
VzGaqksWV,hash
EOL Polska,plain
dIYPUsZYhr,hash
Epigon,plain
OTIdvD,hash
E-płatności,plain
JdJABJlWOfQ,hash
Erbud,plain
VzRgP,hash
Ergis,plain
JpUHV,hash
Ericpol Telecom,plain
inCsFaBLXTOuWJk,hash
Ericsson,plain
AkGrvtpu,hash
Ernst & Young Business Advisory,plain
NVjEjBCbyDbuTJiZRkbNjKNuRStGTGE,hash
Ernst & Young Doradztwo Podatkowe,plain
muQAYsDQRcQsThlRKpfPZWCDaRbJUOLtW,hash
Ernst & Young Polska,plain
xTQuTUafKSXIKIBoiUTA,hash
Ernst & Young UF Audyt,plain
AyjXXjcKhRlLaFsChZwHff,hash
Erontrans,plain
hzfkkTknG,hash
Esab,plain
oHil,hash
Espersen Polska,plain
jnRqwDOwlTfoOcV,hash
Esppol,plain
IGbsaq,hash
Esselte Polska,plain
AcbchbYdtXFQIr,hash
ES-System,plain
jQvXBFLPU,hash
Estee Lauder,plain
KninSeddORdK,hash
ETEX Building Materials Polska,plain
YfbSoNLpKrtXgJeeFCsVXLPymfiNOZ,hash
ETO Magnetic,plain
ovLvvtPHpLVq,hash
Euro Apteka,plain
mYDXAFXnRrH,hash
Euro Foods Polska,plain
CXAPbKfmfBvtdLBFm,hash
Euro Styl Gdańsk 1663,plain
bcgzizxiCewjonnxnOIRo,hash
Euroblacha,plain
sDfdadxghb,hash
Eurobox,plain
bGkLjlX,hash
Eurocash,plain
EINXgRsp,hash
Eurodruk Poznań,plain
LMoECyODLlQpWVP,hash
Eurofoam Polska,plain
DNNdrnjefUkZNUK,hash
Euronet Polska,plain
hqGhZMXaMppmJb,hash
Europapier-Impap,plain
ewORHENqmKAxIjfO,hash
European Food Company,plain
sSgCniAmoQRTTVRBfOmTQ,hash
Europol Meble Polska,plain
UhbIwxTFoExFjIZWoHDi,hash
Eurotel,plain
IiipJCd,hash
Euro-Trade,plain
SMtkBUCHgQ,hash
Eurotransport,plain
XPEUqnKLBgCtr,hash
Eurovia,plain
FrhcORh,hash
Eurozet,plain
eNlYyXZ,hash
Ewe Energia,plain
igKSuMCqPSj,hash
Exatel,plain
xyXOlI,hash
Excellent,plain
PAbfxCNMS,hash
Exchange Group,plain
yDrxwKCDERTRZc,hash
Exide Technologies,plain
ZApPXYrQhSTTYtTKRa,hash
Exim Tours,plain
mugHaFltTL,hash
Express,plain
XyVGEOE,hash
FAiU Famet SA,plain
XZPcVxkttxLcj,hash
Fakro,plain
CoCji,hash
Falco Mazurkiewicz,plain
JjdQzZQAuMWtVZibPy,hash
Famot Pleszew 660 (105),plain
nSUGYktZUpqCiYBonWLDttu,hash
Famur Finance Georyt,plain
KjrFkRXTxyNUgcPcrVQY,hash
Famur,plain
YLQfh,hash
Farm Frites International BV,plain
oBtBfQcGqGxxQvusopjIOtGNRKiY,hash
Farm Frites Poland,plain
nPdOhCZJfgGUSAxXKL,hash
Farmacol,plain
UAYUunOU,hash
Farmutil HS,plain
BUXldZbmerZ,hash
Farutex,plain
oelEOUB,hash
Fasing,plain
UllBYi,hash
Faurecia Automotive,plain
xAwnNZmicYsITGcVzVB,hash
Faurecia Gorzów,plain
FvoXszEctrZbPmC,hash
Faurecia Legnica 1043 (152),plain
JJLpCtHDDZgElmLyxbacqjzoVKZ,hash
Faurecia Wałbrzych 172 (33),plain
GIhqRRHdVuBTTDYdyUUnzKcPipV,hash
Fazos,plain
jqRRc,hash
FDW Pasze,plain
quvcIActj,hash
Federal-Mogul Bimet,plain
pJtcVSIviRNXdbWSOom,hash
Fedex Express Polska,plain
mVQWawuYOiSCWtPSJOQu,hash
Fenice Poland,plain
DpuTsytYWErLd,hash
Fenix Metals,plain
qMNEhSbSnFAn,hash
Fermy Drobiu Woźniak,plain
KihnXBgnSDAVPMbAjICd,hash
Ferrero Polska,plain
BpRNLccImyXJaA,hash
Ferro,plain
BNdUg,hash
Ferrostal Łabędy,plain
qQosPTwyQoMbhSjU,hash
Ferrum,plain
oVUdPi,hash
FH BOZ,plain
VdXesh,hash
FH Rolnik,plain
qjRjJlEXg,hash
Fiat Auto Poland,plain
ClCRShhieHEdTWEg,hash
Fiat Powertrain Technologies,plain
rrEzABSYafoExIDPMUCRAcfIMFOI,hash
Fideltronik Imel,plain
qIbgBfqsAekUZpFy,hash
Finco-Stal Serwis,plain
aGocsBuoDmULqiaux,hash
Fine Altech Mława 1441,plain
FtHwwhZDOFHugMmZnmoDFf,hash
Firma Księgarska J. Olesiejuk ,plain
eVPBMASAmLcLWdXqIatFICxdZOAgRn,hash
Firma Michałowski,plain
LdiSnNtMPeFRUuGUK,hash
Firma Tank,plain
GTWIPswPzz,hash
Firma Wanicki,plain
SqYTNyBNAAZwC,hash
Fiten,plain
nbZca,hash
Flexpol,plain
gpCXSti,hash
Flextronics International,plain
hybhHRUeQooZlgShOfBiLSFBr,hash
Flint Group Polska,plain
tNctEUeNIEQrSUnYzM,hash
Flora,plain
XkTZe,hash
FŁT Kraśnik 1072 (181),plain
DYpvbKyFklJFxSqaGevfWW,hash
FM Group Polska,plain
LdrXHJnBheWvAeg,hash
FM Group World,plain
xXQjAeotsQhfWa,hash
FOB Fabios,plain
RVfhcNsbRm,hash
Food Service,plain
ZaULiVExnOeJ,hash
Foodcare,plain
xhEYAykw,hash
Ford,plain
gVcl,hash
Fortaco,plain
BCFVzxi,hash
Forte,plain
Tqidf,hash
Fortum,plain
qvMDel,hash
Fortuna Zakłady Bukmacherskie,plain
lEKNdeGTOSXwXOatIoAjICdKyBfnr,hash
Forum-Rondo,plain
KjtIkzmLlGP,hash
Fosfan,plain
sLBpdc,hash
Fosfory GZNF,plain
XMnlyVLUETzG,hash
Fota,plain
ZrTW,hash
Frac Handel,plain
uHmRqibvLoC,hash
Fresenius Medical Care,plain
cDizmIdSsaPMYsIvihSgUr,hash
Fresenius Nephrocare,plain
VmYplhLOjGiGErHdYukh,hash
Fresh Logistics,plain
beebGTNwIBIzXTV,hash
Fresh World International,plain
nclilzetCJQGnrOZKEXwpXtwT,hash
Frito Lay Poland,plain
rsLVedxCicEvJOuM,hash
Frosta,plain
TlIZfD,hash
FTT Wolbrom 1285,plain
bNimREhWvHllCfUS,hash
Fuji Seal Poland,plain
acvzMREJrBuWiRrj,hash
Fujitsu Technology Solutions,plain
DbgFAKWGCjXbFUyZgQNsRJcEseIY,hash
Funsi Electric Europe,plain
AEErIqXHRTaVcymcjUOab,hash
G.En. Gaz Energia,plain
EdUFzZVlFIFSoSljo,hash
Gaik ZPM,plain
cNCGIrDY,hash
Galmet,plain
GcQnTT,hash
Galon-Polska,plain
RoYdwWAtaAag,hash
Gant Development,plain
bKLDWybuXyvBVLSG,hash
Gaspol,plain
bEDHrn,hash
Gates,plain
JRiBD,hash
Gaz-System OGP,plain
GhIIOTnSUJPzVz,hash
GB,plain
ig,hash
Gdańsk Transport Company,plain
SHlQWRVYCjEkzjtOgnsIaKID,hash
Gdańskie PEC,plain
pUwypyGElUol,hash
GE Power Controls,plain
hgtupLVnyTTMPdPMj,hash
Gedia Poland,plain
eYnFuMTwIgoB,hash
Gefco Polska,plain
KOAYwpbACZMZ,hash
Gemalto,plain
ngPJcnx,hash
Genderka,plain
tlHQiuPj,hash
General Electric Company,plain
SzQnUvyozwYTivcEMySlrxnI,hash
General Electric International,plain
yVtvzAInCvZNbBUzQVnUSoZXEXHRlx,hash
General Motors Manufac.,plain
sAlywlDzINZELKRwBIaIToq,hash
Geodis Calberson Polska,plain
XNLImwnlqbLVLEHwUyqbUMU,hash
Geofizyka Toruń 826 (218),plain
jiLvAJxFhExeJeqsbVDWumpGM,hash
Gerresheimer Bolesławiec 1522,plain
wCPfHTCjSQrEeTLnFgtidFmKDolHI,hash
Getin Leasing,plain
FUMftFUMhPSie,hash
Ghelamco Poland,plain
wMqGuhgukIlCkZd,hash
Gillette Poland International,plain
DZDNSGIBsbsmHpCjzuIZqwDiriTUt,hash
Gino Rossi,plain
BrCKEeQJvo,hash
GlaxoSmithKline Pharm. Poznań 57 (14),plain
RosWwuulNYIMefICATceZnnnEIWuzikiGKCaK,hash
Glencore Polska,plain
xbjQTNLIMptgZKN,hash
Global Cosmed ,plain
CHKaXyQnONHLwm,hash
Globe Trade Centre,plain
yLUkRatUblsNNHtMaD,hash
Glob-Terminal,plain
ViYoVrjozOPFI,hash
Głuchołaskie Zakłady Papiernicze 1544 (284),plain
ZVogLjGhPyUKfpqvTGOUsxPvXZBvjxryNWPwsnjdVmI,hash
Gniezno Hurtownia,plain
zkrjCPKUbROynJsAZ,hash
Go Sport Polska,plain
kLKmjaGgqJfbzGw,hash
Goclever,plain
NkZqXihI,hash
Gomma Polska,plain
ekwPUhiFpBmk,hash
Gonvarri Polska,plain
XxqTMVqPwIbbGdR,hash
Goodmills Polska Grodzisk Wlkp 1316,plain
VPofVkgoKHEcVrzRkuUSUqNqqJhppZLLxRu,hash
Goodmills Polska Kutno 1421,plain
uBNuEcjYZstKrxXVZYARCxrxuIj,hash
Goodmills Polska,plain
tGSTaRdUBOufxiAX,hash
Google Poland,plain
UnCNsocVKXtaV,hash
Gordon,plain
IQERJz,hash
Gosz Ubojnia Drobiu,plain
oolkTyLbEpuwyezzoUr,hash
Górażdże Beton,plain
RLcfPPYTpIqQyv,hash
Górażdże Cement,plain
JPDCPXCoGRkHSbZ,hash
Górażdże Kruszywa,plain
tfcvefmMGkXZSxFjj,hash
GPS Konsorcjum,plain
iNbplkPsqzFwHd,hash
GPW,plain
lFk,hash
Graal,plain
aSzvi,hash
Greek Trade,plain
hAupaKBsaHL,hash
Green Factory,plain
EhxoLXYYIqkLu,hash
Greiner Packaging,plain
oDCYRjaaKKlYdosMn,hash
Grene Dystrybucja,plain
CXKGNrurmchLQEBoL,hash
Grene,plain
ScSrr,hash
Grodno,plain
sxlNKq,hash
Grosar,plain
mZrAAZ,hash
Group Raben,plain
tANmBoiRqcS,hash
Groupe SEB,plain
pOYVPqYOcJ,hash
Grudnik,plain
UVmFiNa,hash
Grupa E. Leclerc,plain
ZdZqyPZOMzbucvqG,hash
Grupa G3,plain
xdleRpjq,hash
Grupa Handlo-Budowa,plain
EkdRLrlOpjQRyeCeQCo,hash
Grupa Inco,plain
kLETFULjPt,hash
Grupa Inwestycyjna Hossa,plain
FkQbOZajETzvjIHLXIzMEebq,hash
Grupa Kęty 201 (80),plain
hxTbipFXbnrrAGHwtVT,hash
Grupa Lotos,plain
OiAwpYNsAtf,hash
Grupa Metro AG,plain
OixfzvdzhNfMrf,hash
Grupa Muszkieterów,plain
yBnkDCdAfGYWccTgEp,hash
Grupa Onet.pl,plain
VEnqzAGXdAnBJ,hash
Grupa Polska Stal,plain
qYcrMVWbmFnEDbuWM,hash
Grupa PSB,plain
kgjwBrYgM,hash
Grupa Skanska,plain
HWdRKZmZeDvtw,hash
Grupa Solid,plain
JNZGWDGDmRN,hash
Grupa Topex,plain
BjJkkbytHfl,hash
Grupa Velux,plain
VrKJUjJstCZ,hash
Grupa Żywiec,plain
csKNCBcXZShO,hash
Gruplast Gruba,plain
JHFPYjROHsnlOo,hash
Gryfskand,plain
upASgYGAq,hash
GTL,plain
owi,hash
GTS Automotive Safety,plain
wKoVkuYejGTFusgMpIQxX,hash
GTS Poland,plain
lobUDhzOZq,hash
GTX Hanex Plastic,plain
PQCkLiIFPgbwJWIkx,hash
Guala Closures DGS Poland,plain
XSsLAlWVBQIamstnVQCqTCtNr,hash
Gzella Net,plain
pdbfKPGEgR,hash
Gzella,plain
NCtvez,hash
H & M Hennes & Mauritz Logistics,plain
PesyBCgJFpnjajxAfEFwWGbCBqYEfztV,hash
H & M Hennes&Mauritz,plain
XleScUbVKenInCLUDWJp,hash
H. B. CRAB,plain
qhidYttXLO,hash
H.M. Helvetia-Meble,plain
TrqWsNqJXpTWFtOQRKa,hash
H500 G560,plain
qjBQhfLeN,hash
Hage Polska,plain
GBHbALOtXrR,hash
Handel Polski,plain
hRJidosSNWCJx,hash
Handel Zwierzętami i Płodami Rolnymi,plain
rYQntElTxHhCLTfatVDRkXxUoFMFKYMVokUY,hash
Handen,plain
tBaixZ,hash
Handlopex,plain
jiGJzpnMc,hash
Hanplast,plain
PhXpSCrF,hash
Harper Hygienics,plain
exydsrCIVUctHzIc,hash
Hart,plain
HBwF,hash
Hartbex,plain
HAOSpOL,hash
Hasco-Lek PPF,plain
gStyOGJRpehHe,hash
Havi Logistics,plain
VSRcwiuqaweGAq,hash
Hawe,plain
eECW,hash
HBO Polska,plain
tNFGxiZOmj,hash
HDS Polska,plain
fVNitCibaq,hash
Heesung Electronics,plain
VzrPHuHNzUWoIcnblRT,hash
Heilit + Woerner Budowlana,plain
lmGdfNHWNwVViGpRwepvuifvzr,hash
Hekon-Hotele Ekonomiczne,plain
KlCdBkiVIvMULgQZXMNmckuh,hash
Hellmann Worldwide Logistics,plain
XbyVguRsToHNrvqvJgzOYcZVrnzF,hash
Helm Polska,plain
TYYSuuNbdEZ,hash
Hempel Paints,plain
biPvWzpEihpYU,hash
Henkel Polska,plain
EeeVJWfWrKcPg,hash
Henkell & Co Vinpol,plain
LBNzRcIZbVCgyVvVieg,hash
Heraeus Electro-Nite,plain
vkimTzLhmJKweSOPXqBg,hash
Herbapol Lublin 1014,plain
IRNBNlPLYkQHcVWYKDfg,hash
Hewlett-Packard,plain
LLlLJIHFRRaWSdN,hash
Highfinger Industrial Services,plain
yoMJRHVjiavfWiyjRwUoQlzqDuUrZg,hash
Hilding Anders,plain
rFapxeOBqQrZKg,hash
HJ Heinz Polska,plain
EJvcqJEFFAqDVzT,hash
Hjort Knudsen Polen,plain
JSFrYAvSuVcIvMYMJtu,hash
Hochland Polska,plain
xckEjAzZlIMfaXF,hash
Hochtief Polska,plain
MvBMVDITJJhALCL,hash
Homanit Polska,plain
QbepRxRMfgCcBt,hash
Hoogwegt Poland,plain
ZJWknDfpHrhiDVI,hash
Hoop Polska,plain
CBNnpQbzQTQ,hash
Hortex Holding,plain
iGZkPSzdmYEqKc,hash
HP Global Business Center,plain
GPCVqbRdYIXliLLaxNLkItsol,hash
HSF Logistics Polska,plain
kEJUwFRmkncSuEUTkQeD,hash
Htep,plain
VMDh,hash
Huf,plain
YRN,hash
Hurtap,plain
oCkpLc,hash
Hurtownia Erwin,plain
UHOkaDgHOkuwBdr,hash
Hurtownia Opon,plain
gIGIXQdKoHtdDS,hash
Hurtownia PD,plain
TWrZBPaFQAMq,hash
Husqvarna Poland,plain
kNaqOwzDfmocHhSR,hash
Huta Cynku Miasteczko Śląskie 438 (129),plain
xsMChEEflikuFlJokhNubZwGWzwpdLUqCXdXTEE,hash
Huta Łabędy,plain
yBlyGcpssQz,hash
Huta Pokój,plain
uzMvBSMZDc,hash
Huta Szkła Gospodarczego,plain
ZUqeHApBwqwZwsjjyGUWMydc,hash
Hutchinson Poland,plain
EveRKWMLOZiqIRvSn,hash
Hutmen,plain
zJQxSv,hash
HW Pietrzak Holding,plain
fDhGrotdShublMlzbeB,hash
Hygienika,plain
akuIYPfYb,hash
I.D.C. Polonia,plain
zThjLXXkrUZeZM,hash
I.O. Venezia,plain
HFZdaiLueZFo,hash
IBM Polska,plain
vSnJHWPHkw,hash
Ice-Full,plain
GXZoZcVI,hash
Icopal,plain
icmiJu,hash
ICT Poland,plain
DuCrMABelF,hash
Ideon,plain
HMZwa,hash
IDS-Bud,plain
jcuCcVe,hash
Igepa,plain
JPTSd,hash
Ikea Industry Poland,plain
PjshnIjLKUHUFFmClLzN,hash
Ikea Retail,plain
IjJMSOTItgk,hash
IKO Kompania Drobiarska,plain
IYGgesKZoRLAVzgeandqebk,hash
Ilpea,plain
nRuwK,hash
IMI International,plain
EOsgmiOenYeIDxJyo,hash
Impel Cleaning,plain
TWgZKwjwvENyen,hash
Impel Security Polska,plain
aoTnhQyEWlWoziSxMufns,hash
Impel,plain
boVCt,hash
Imperial Tobacco Polska Manuf.,plain
DXjwuyOWckMTKtOMsEhuVraEcLhybs,hash
Imperial Tobacco Polska,plain
WUUEQumOjJkKVMtSMFAvqPK,hash
Impexmetal,plain
MKaKChiyZO,hash
Impress Decor Polska,plain
KYonyjSlLqBXDBtUwKWB,hash
Imso Ki,plain
cuTPEZA,hash
Incom,plain
dlnfa,hash
Indesit Company Polska,plain
nxxdIaOdAcaFIYlfJmPjpy,hash
Indorama Ventures Poland,plain
qOfpnFsVxicNNINXPEfuJLnr,hash
Industrie Maurizio Peruzzo Comfort,plain
aESfWPRdOxXDVPRoNJWXrvMJFOVlvWCzOh,hash
Indykpol,plain
qhhBfcQZ,hash
INEA,plain
lXYq,hash
Inergy Automotive Systems,plain
CvCRqLrrtiPBDerBuRfPlmbmu,hash
Infover,plain
KaBXVAG,hash
Infovide-Matrix,plain
HmxkWqMffapHrQW,hash
Initiative Media Warszawa 1377,plain
mONhAWxLpSWJdufZoxQGKvUmMbKsCB,hash
Inpol Papier,plain
MFnPzjLoCqGg,hash
Inpost Paczkomaty,plain
RaRecbTkNsrttxPja,hash
Inpro,plain
aPVGk,hash
Instal Białystok 1413,plain
TQTthhWWRZqTUUHpNswyk,hash
Instal Kraków 697 (250),plain
VCCXVIcsstNACVorlNqWOIL,hash
Instalbud Janosz,plain
QKbcMvrvzUKqCswS,hash
Instal-Konsorcjum,plain
MdCOQSkUPVHKjlQVT,hash
Instanta,plain
SxWpdMbk,hash
Integer.pl,plain
EBLdgKIIvJ,hash
Integra,plain
EKSUCny,hash
Integrated Solutions,plain
dudYvnaPIefIOUKykwoM,hash
Intel Technology Poland,plain
KKBQlYWsHCUQizOKJorkgjQ,hash
Inter Auto,plain
YAFNTSroJO,hash
Inter Cars,plain
PcmHoKEuGD,hash
Inter Energia,plain
HlCfDMNOcVTai,hash
Inter Groclin Auto,plain
KQGcEmwsfIaAAmDjSy,hash
Inter Projekt,plain
DKHLWFBNAXylf,hash
Inter Trade,plain
fZZntzfVKgB,hash
Interbud-Lublin 1635,plain
LLVIxqvHJuPbGUlNGNFw,hash
Interchemall ZMJ,plain
wRoNgJbQysfArxRk,hash
Interfood Polska,plain
dvPWRdXyfafbyVBf,hash
Interhandler,plain
cwqZYEyVGjNX,hash
International Paper-Kwidzyn 143 (43),plain
RlTfPswbpjtuNeukuhTBMbOtYoGXvHXYBHeX,hash
International Tobacco Machinery Poland,plain
huMxxmPvQbDqGtGSiNlYBgrkREJhRGorpBRvtH,hash
Interprint,plain
pyuHMTIEDf,hash
Intersilesia McBride,plain
nZjUOiboiIKpTpNRWqoS,hash
Intersnack Poland,plain
bJLKyxKcGuvviuUaS,hash
Intersport Polska,plain
sUqGKppVjFRZglrjG,hash
Inter-Team,plain
FZraAufNeG,hash
Intertrend Polska,plain
OoLjyvpPNsSRvewhk,hash
Intra,plain
Xomkw,hash
Introl,plain
ROfIcr,hash
Inwestycje Alternatywne Profit,plain
xYLbaGbxYhghrBooZObkacHTBiqPfZ,hash
Inżynieria Rzeszów 1657,plain
cfqddIPfZqTWcchjFRhcJRc,hash
IS Polska,plain
jOZoYPIPd,hash
ISD Polska,plain
pQFkfXUdyb,hash
Isource,plain
cdLSqau,hash
IT.expert Warszawa 1462,plain
NVCfKLLcHMfTDvEAVTSMhSt,hash
Iveco Poland,plain
ugTPPkiutVNR,hash
Izolbet,plain
NrPOHiB,hash
Izostal,plain
fHPzemC,hash
J.W. Construction Holding,plain
YqxJWnOwVxMToSMKyVYlxJXSA,hash
Jaan Nordglass,plain
jZFdCyRqwmUROs,hash
Jabil Circuit,plain
TqTtEHEJDndTR,hash
Jabil Global Services,plain
VjDqBrOIdKCaipYcwmnwz,hash
Jagr,plain
HdTK,hash
Jantoń,plain
LHsmHv,hash
Janus,plain
WcDAm,hash
Jarmag,plain
gopEuk,hash
JAS-FBG,plain
VNnPCJq,hash
Jastrzębie Spółka Energetyczna 1144,plain
mqCIVMoCkhKbIwNSSrXXbhrPpVQQJCExClT,hash
Jastrzębskie Zakłady Remontowe 1696,plain
idkxZwMZnbxbnCwaDofXsnFBGgNxxKaOfal,hash
Jelcz,plain
ypNXi,hash
Jelfa,plain
lWGHj,hash
Jeronimo Martins,plain
gtwDlzrmpvamCkXJ,hash
JLR Polska,plain
CngSensnNq,hash
Joanna,plain
kDVNmH,hash
Jogo ŁSM,plain
hgIQvnGm,hash
John Deere,plain
ifkczbabnj,hash
Johnson Controls Akumulatory,plain
KsLFFYGjdZwSJlBJANjFzAoQeuXe,hash
Johnson Controls Siemianowice 399 (85),plain
LIujlIvdMRTwDswRjLAflPEWARsWgxwrLsMiNq,hash
Johnson Matthey Battery Systems,plain
lOwPUMibsKzPUaygcafCPsSrykdXVhj,hash
JOST Polska,plain
wPdSZnfyjUe,hash
JOT - Ł PHU,plain
yOdVRzApbWx,hash
JSW,plain
Tuv,hash
JTI Polska,plain
ooDDMsefHH,hash
Juki Central Europe,plain
kVyrHVXqCZdYIsuDgKd,hash
Julian ZWW,plain
kAIFmvbuMK,hash
Jungheinrich Polska,plain
YFWndabKkGLYbenPAnJ,hash
Jysk,plain
oJeJ,hash
K.C.B. Interlight,plain
YzdRiGgbgHSgheoIT,hash
Kabat,plain
DsHjW,hash
Kaczmarek Electric SA,plain
lAQJSuXyTbTjMjCYJzWEH,hash
Kaczmarek Malewo,plain
CWpbnzIclIpBsVGK,hash
Kaefer,plain
jrMPZI,hash
Kajima Poland,plain
aJJNSAhLbucQY,hash
Kamsoft,plain
iwZVphh,hash
KAN,plain
iRu,hash
Kant I,plain
JLrNch,hash
Kantor Wymiany Walut,plain
GwIWWzEzTjCZzPSWeQiJ,hash
Kantor Wymiany Walut,plain
YdWfxtdYtkydMgKtoRza,hash
Kantor Wymiany Walut,plain
XwhdUqGAeVUbrUIGoKfK,hash
Kantor Wymiany Walut,plain
auHGlxQnEVcilyJEPEaE,hash
Kappahl Polska,plain
BGdBQcDdWtJtAS,hash
Kapsch Telematic Services,plain
OVzukZonrqsFzqZFVieDBafKv,hash
Kärcher,plain
HoTXFHw,hash
Kares Świętochowscy,plain
KZHodEnLUWWGBUSQJNk,hash
Karmar,plain
ZVjVsa,hash
Karol Fuchs,plain
yDPlJIsnpTC,hash
Kar-Tel,plain
LAXlrGU,hash
Kaskat,plain
pFlLDI,hash
Katowicki Holding Węglowy 78 (138),plain
VQDkxpllISxYyDNLfaXgAgIbDSlxlwKRFj,hash
Katowicki Węgiel 1407,plain
nDIYIWiGDEeVOjMNtveTg,hash
Katowickie Wodociągi,plain
mzyigxctZlKTCBDjSqhB,hash
Kaufland Polska Markety,plain
PDmGmMLmjYwsopAhIFVgbwd,hash
Kazar Footwear,plain
PBpjNHVDtgTtjG,hash
Kazgod,plain
tmHZzA,hash
KDWT,plain
uwHF,hash
Keller,plain
OVjHLd,hash
K-EX,plain
cfwg,hash
KGHM Metraco,plain
siloRzHnGcwW,hash
KGHM Polska Miedź,plain
dBdQquTHadWHmJEZL,hash
KGHM Zanam,plain
wrhLGFjAqA,hash
KIA Motors Polska,plain
EEpxFEWuDXfKiJoGS,hash
KIER,plain
WZkP,hash
Kimball Electronics Poland,plain
HSPkXRzLWQykRaLbsktPxhWVCi,hash
King Oscar,plain
hGQdZRFtKP,hash
Kirchhoff Polska,plain
iBWcaXbjpCwFkSCS,hash
KJM Trade,plain
GCtadnqLz,hash
Klimas Wkręt-Met,plain
IixmCJdhjJjFrNOu,hash
Klingspor,plain
edpOnavpa,hash
Knauf Bauprodukte,plain
gqJXTwwNEmRXsYpOa,hash
Knauf Bełchatów,plain
OPTVpVnhNjeFQjN,hash
Knauf Industries Polska,plain
VHozIkXOvbDVOMYZkpqsDid,hash
Koelner Polska,plain
gaiXWBqPJxETNq,hash
Koelner,plain
QocPhTC,hash
Kofola,plain
nwPcJL,hash
Kogeneracja,plain
glLQLeNtADP,hash
Koleje Czeskie,plain
CnovSGOOJCQHtc,hash
Koleje Mazowieckie - KM,plain
uhqpkKOUAFCoGSmGvGwyPHA,hash
Kolporter,plain
boyLprtnv,hash
Komagra,plain
CYejcsG,hash
Kompania Piwowarska,plain
ikkYAlrEGNrMYBagIrA,hash
Kompania Węglowa,plain
TudrSIuFjanrejsb,hash
Komplex Tours,plain
PmpEwRtQtqEZr,hash
Komplexmłyn,plain
nrjIcJReMYW,hash
Komputronik,plain
IcadLdQJhkg,hash
Komsa Polska,plain
QaugFoBGxrvu,hash
Komtur Polska,plain
WJlGOoIyMdquZ,hash
KONE,plain
mQqX,hash
Kongsberg Automotive,plain
NWMsoOrPSjtUolGSlWUR,hash
Konica Minolta,plain
sSkxUKcnCjLaFt,hash
Konig Stahl,plain
PViRimPkkcd,hash
Konimpex,plain
JxFXfbdW,hash
Konrad PH,plain
UGIJxdijn,hash
Konsalnet,plain
UWKIpSRDc,hash
Konsalnet Holding,plain
vKtZhSriNvOWsZODa,hash
Konsorcjum Refleks,plain
jbsREyeKFrTeFUlmVt,hash
Konsorcjum Stali,plain
fZASvZjOCPvbApjP,hash
Kopalnie Surowców Skalnych,plain
MUOpPthwkPAMhmDzZwBAMKQWHJ,hash
Kopel,plain
EfLNI,hash
Kopex,plain
dvHia,hash
Korbanek,plain
FmPTuNai,hash
Korea Fuel Tech Poland,plain
DDisahJCXyGqKwxXfODJso,hash
Korona,plain
FkmrPU,hash
Korpo,plain
HOaYP,hash
Korporacja Gwarecka,plain
qtXOIAnIhwCzLBQeJGx,hash
Kosmet,plain
phrNkZ,hash
KPEC,plain
GFKn,hash
KPM Agata,plain
xdwwxywDD,hash
KPMG,plain
qRJI,hash
KPPD,plain
oQqi,hash
Krajowa Spółka Cukrowa,plain
nKIlEIPuyAybbLnOtkGmyx,hash
Krakchemia,plain
KkSTEcfykL,hash
Krakowski Holding Komunalny 229,plain
vsjRMmZLnPSrJScUWcyIPIKdjAqKbyo,hash
Kramel,plain
DjGtUn,hash
Krause,plain
lvkXdH,hash
Kreisel Technika Budowlana,plain
OQqSZwZvQstkWfLtZTeZbAGxud,hash
Krezus,plain
goTwmV,hash
KRKA Polska,plain
GnBiTgdlhRh,hash
Kronopol,plain
fNqVBjCD,hash
Kronospan Chemical Szczecinek 732,plain
koNGcoauzxzqgTZqWuZGaRVqWGKgwoJvs,hash
Kronospan Polska,plain
xmnEkLoQDfPnWRrR,hash
Kross,plain
qvmdX,hash
KRUK,plain
DSaF,hash
Krynica Vitamin,plain
RjqHOhmTukDPAFI,hash
Krypton,plain
DgpoJyl,hash
KS Logistik Gmbh,plain
BYGlmLNeXFhVRnKv,hash
KTK Polska,plain
gunFgQnuya,hash
Kuehne & Nagel,plain
zgPpFrDaFwXkhh,hash
KUHN Maszyny Rolnicze,plain
fxJurgvPQojrqykmmNxzs,hash
Kupiec,plain
uXNCCR,hash
KWB Konin,plain
rlIGoTDAs,hash
Kwitnąca,plain
eFbpyuWg,hash
Lacroix Electronics,plain
ngSHVZvzmiSoXfDthdq,hash
Lactalis,plain
jRPhRmLi,hash
Lactima,plain
GKnbDwp,hash
Lafarge Cement,plain
vpjdNfzLuCIKGd,hash
Lantmannen Unibake Poland,plain
EkNnRdSRVSxiLtnfvLktiWVaH,hash
Lasy Państwowe PGL,plain
qhijnXtkEVcHFpLLMi,hash
Latex Opony,plain
MbtjoRtBjiB,hash
LC Corp Sky Tower,plain
nCRWObBrijCFVflzP,hash
LC Corp,plain
nHMpHLI,hash
Leaseplan Fleet Management,plain
KlFCgnLZXSWcVvpnYuQTqgVZdy,hash
Leasingteam,plain
fTbKVqLXRTj,hash
Lech Drób,plain
sszYefgrZ,hash
Lechpol,plain
MUxZXlK,hash
Lechpol,plain
jtrIJcG,hash
LEGO,plain
xZIY,hash
Legs,plain
NJUk,hash
Lenovo Technology,plain
VOLuebpItvwKkLnAK,hash
Lentex,plain
FXNYXr,hash
Lerg,plain
ExPB,hash
Leroy Merlin Polska,plain
XunmKGwghpLGGipYyav,hash
Lever,plain
xpscS,hash
Levi Strauss Poland,plain
VmoFznvcBuJktRjZGll,hash
Lew,plain
Zsq,hash
Lewiatan,plain
jFpmapfJ,hash
Lewiatan,plain
hEpXiZLA,hash
LG Display Poland,plain
vQyJiVPghgrdobSfu,hash
LG Electronics Mława 80 (15),plain
IkrmASPEwzHPlIsZbauQowKqQQCz,hash
LG Electronics Wrocław 51 (6),plain
WNoQDQgnXmPvKNrOmDKYOiACMhSdS,hash
Liberty Poland,plain
dxedYbOsaVCWbe,hash
Libet,plain
DNHyN,hash
Lidl PSS,plain
BuphiVaI,hash
Limito,plain
lnQEAU,hash
Linde Gaz Polska,plain
tIHCadZmnXHxsvcS,hash
Linde Material Holding,plain
rWqWuAThhuQmXszbpNfaPV,hash
Link,plain
KjVk,hash
Liteximp,plain
oyQZkmfV,hash
LOBO,plain
siMv,hash
Lodziarnie Firmowe,plain
KtNtZTxSRdzOsbbOKp,hash
LOT Aircraft Maintenance Services,plain
LZPNzpkqSeVxAAVYucLEebTFCtNYfObLP,hash
Lotos Air BP Polska,plain
iCsxwaXwdiJbfnoolNP,hash
Lotos Asfalt,plain
TFDZAWrdDMRL,hash
Lotos Biopaliwa,plain
XgpXVlrpyAQCVRe,hash
Lotos Kolej,plain
hRUgkmsumXl,hash
Lotos Oil,plain
eEqgiofXw,hash
Lotos Paliwa,plain
DhOAbCbZpDrR,hash
Lotos Petrobaltic,plain
sGGwEzjIaxKqMBVaD,hash
Lotos Serwis,plain
wGyCqmUtmHQt,hash
Lotte Wedel,plain
uDbDGzhBxie,hash
Louis Dreyfus Commod. Polska,plain
QeepwJMpjRiwwTWMvTSbJrCpmFfr,hash
Lowara Vogel Polska,plain
ynbrDtFCQEByHynBUfC,hash
LPP,plain
EmP,hash
LS Airport Services,plain
OAJjiNDXLBMzdleFncn,hash
LU,plain
Lm,hash
Lubawa,plain
lsBsLU,hash
Lubella,plain
gTbqILG,hash
Lubelskie PEC 1237,plain
BdVuUJCCMizfhRzOKM,hash
Lubfarm,plain
WYRpskq,hash
Lubiana ZPS,plain
LpccctxpVUp,hash
Luvena,plain
QccmLB,hash
Lux-Med,plain
UfRWOHb,hash
LW Bogdanka,plain
bMVZRwiaVZO,hash
Łakoć,plain
aGVOh,hash
Łmeat-Łuków Zakłady Mięsne 468,plain
ZNMLJCjBhttweDNsyfunpRYmnMDaFO,hash
Łosoś,plain
VuaCs,hash
M. G. Centrum,plain
RlhmSXnIHDElx,hash
M+W Process Industries,plain
SwFFRtcBJaKWnxZJGhBtlu,hash
Maante,plain
HKusrz,hash
Madej & Wróbel,plain
sqOqKqjrMTdFTX,hash
Maestro,plain
kiaOMHd,hash
Magellan,plain
mPsSdOSF,hash
Magneti Marelli,plain
DfVnZMyhFOfiwDS,hash
Mago,plain
GDtP,hash
Makarony Polskie,plain
utHUwivfSxfwvENh,hash
Makhteshim Agan Agro Poland,plain
EEQgEnuFUOeBoaVvbCubGTDQRgn,hash
Man Bus Polska,plain
OoZojSIpnqRHaj,hash
Manpower,plain
cBbXiBen,hash
Manuli Ekobal,plain
IqugfFbBUzWaF,hash
Manuli Hydraulics Polska,plain
uFXflZrfGVFiirdTrvAgNUoK,hash
Marbet,plain
mLIpwu,hash
Marco Oil,plain
tmEqJjCYf,hash
Marcopol,plain
htLmjHHB,hash
Marcpol,plain
cBLPvXr,hash
Mardi,plain
EpjLT,hash
Marflex-M.J. Maillis Poland ,plain
jlGrHZFjyqZgheJbulcEtkGdkLii,hash
Marimex,plain
JVoiVqS,hash
MÄRKA Polska,plain
POBSVTXHKeGl,hash
Marketing K. Gdowka A. Ostręga,plain
apZFBoefSJSkxvXhFawsSdSEgcifYs,hash
Marko,plain
lCAOL,hash
Marks,plain
vayRR,hash
Marpol,plain
FtyVxN,hash
Mars Polska,plain
dbpBHpWIsnH,hash
Martes Sport,plain
tzGuIjbChNNb,hash
Martex,plain
Yyhrqm,hash
Martin Bauer Polska,plain
kYsfQbmBWunxeNRjZrc,hash
Marvipol,plain
LEvKhnSL,hash
Masfalt,plain
DnQtGRc,hash
Masmal Dairy,plain
aypjAofPNniD,hash
Maspex GMW,plain
vatMDVsRnp,hash
Maspex,plain
uBnKHF,hash
Matex,plain
btsvA,hash
Max Computers,plain
TBawxdcLLxGVY,hash
Maxstal,plain
dWOZOuJ,hash
MCCain Poland,plain
kUVjBPkWqHVYC,hash
Mckeen Beef,plain
MsaIMoFjBaU,hash
Meble - Black Red White,plain
IdIRakClYkPmnEwrKxTjlsr,hash
MEC,plain
MqN,hash
Medcom,plain
RnvIHR,hash
Media Saturn Holding,plain
MrWPzhkpRfDwIxzGiLxw,hash
Medicare,plain
bVMrTOdy,hash
Mega,plain
liPH,hash
Mennica Polska,plain
CTjLTnscexHyRl,hash
Mercator Medical,plain
ItpfFyISvHUWmHFO,hash
Mercedes-Benz Polska,plain
JXLUxOcFqEPWXSeZmHDk,hash
Mercor,plain
JhjlMk,hash
Mercury Engineering Polska,plain
KGsyaEopnoIzovRBDlQlOqDZgJ,hash
Mercus,plain
VAvUuo,hash
Merida,plain
mKxWOq,hash
Merkury,plain
ZlaqCdR,hash
Mesko,plain
RUduH,hash
Messer,plain
qOwBBP,hash
Metal-Fach,plain
mYFnFgvibh,hash
Metro Warszawskie 797,plain
aWCIRkcpxipGWEAwCSYbI,hash
Mexem,plain
XBuWO,hash
MFO,plain
oCB,hash
Michelin Polska,plain
myGudYIuAtHWpst,hash
Microsoft,plain
HVfjGOMcp,hash
Midas,plain
SYyHb,hash
Miedziowe Centrum Zdrowia,plain
dMAiITFkbYgdTbRmdacyUzWJa,hash
Miejskie Zakłady Autobusowe,plain
DbSBBzstLxeVaDKTrZiqoVUjxvT,hash
Mielewczyk,plain
ZrWOaekZty,hash
Mieszko,plain
ZBTLyAS,hash
Międzynarodowe Targi Poznańskie 1590,plain
jwipSXNqoeToyVKZviJjlAgaYOBNQhCKRTjf,hash
Migrol,plain
toVsvj,hash
Mikroma,plain
ouRtWye,hash
Mindshare,plain
zulzDMBwo,hash
Mirbud,plain
OSoyIW,hash
Mirex,plain
MWutP,hash
Mirosław Wróbel,plain
GdScFxxwIHzKrpX,hash
Mitmar,plain
BCzQvr,hash
Mlekovita,plain
lJCQrPHax,hash
Mlekpol,plain
IqBOlXY,hash
Młynpol,plain
pLGXWRm,hash
Młyny Szczepanki,plain
jAUdFdjnbIRxTFLH,hash
MMC Car Poland,plain
AeQctHbEPTJKML,hash
MNI,plain
PpQ,hash
Modecom,plain
KJgVrwr,hash
Model Opakowania,plain
vbqYkJzrLOtIGtWO,hash
Modzelewski & Rodek,plain
SfkKDHRuKRQYwYcfEsa,hash
Mojsiuk,plain
GiLnolG,hash
Mokate,plain
EsySuJ,hash
Mokpol,plain
rnTaso,hash
Molewski,plain
wFdyWRXu,hash
Molex,plain
YHyLh,hash
Mondi Bags Świecie 1998,plain
iJRdKzjhcyzRGAtToEndAzC,hash
Mondi Corrugated Świecie 1126,plain
EtWTALPVloswGFOkClnPCORowJuhT,hash
Mondi Solec,plain
zqGeVPRaDGy,hash
Mondi Świecie,plain
JMvhZwIfCwHiH,hash
Mondi Warszawa,plain
hyRWsjlOwRXIIR,hash
Moniecka Spółdzielnia Mleczarska 1074,plain
zUATaDOLXEAVzWqMNKdeyIiZyqeHxhrLTDLhN,hash
Monnari Trade,plain
IsXYtpWbHDqjK,hash
Morele.net,plain
wMYAXcIHur,hash
Morpol Laurin,plain
yuPHfqLyqUgbC,hash
Mostostal Kraków 1517,plain
iiFjUUMSbgTyRrllgZChF,hash
Mostostal Puławy 575 (185),plain
RMhcLZmIdjBNibeEElLwmovRvI,hash
Mostostal Warszawa 196,plain
PAEsvvDuNlQdJaXQmoDWoH,hash
Mostostal Zabrze 495 (154),plain
ZyZhBwgDnnkdeDsbIiHCTgyCFS,hash
Mosty-Łódź,plain
gITHjwxjiX,hash
Mota-Engil Central Europe,plain
CwryzPQPzNcXxbnWQIltbmHrK,hash
Moto Budrex,plain
JzfWyTIiAut,hash
Moto Profil,plain
vufyfPhESiq,hash
MPEC,plain
FqJF,hash
MPEC,plain
bADw,hash
MPK Wrocław 1017,plain
SqFvapTTOidATSyO,hash
MPK,plain
guA,hash
MPK,plain
wAY,hash
MPK,plain
RKL,hash
MPO,plain
nIh,hash
MPO,plain
mxD,hash
MPT Tabo,plain
FxlfGQHS,hash
MPWiK,plain
UCJgE,hash
MPWiK,plain
ICSrG,hash
MPWiK,plain
HlkEo,hash
MPWiK,plain
qkqfh,hash
MSC Poland,plain
ByHXgZKjvm,hash
MSR Gryfia,plain
EKSQrVdmnw,hash
M-Trade,plain
tExKuFa,hash
MTU Aero Engines,plain
XSqtftvyHJQnzyVk,hash
Muller Sachsen,plain
zhJTKeYOAYvCNA,hash
Multi Pharme,plain
chrhqGKAtTJI,hash
Multilayer Pipe Company,plain
xlIOAGsSaYBvVpsqWacIVGM,hash
Multimedia Polska,plain
hmjmfWWpuAbejcsZK,hash
Multipak,plain
KuclYxrh,hash
Multiserwis,plain
erpMcrmdknd,hash
Multivac,plain
ncYhvXhv,hash
MZK,plain
Slh,hash
Naftan,plain
sUGwnp,hash
Naftowax,plain
InPIXYtw,hash
Napena,plain
UtXuCI,hash
Navimor International,plain
lWXzlakGDjHANVaVoEeKJ,hash
Navo Polska Grupa Dystrybucyjna,plain
oTsqorNCmrSpjwgDRUuCMDgnyfJJozH,hash
NCR Polska,plain
vRFwWkYEFM,hash
NDI,plain
GWG,hash
Neapco Europe,plain
anxZwRGqHkShV,hash
Neckermann PBP,plain
FTUwKFscmivimR,hash
Nemak Poland,plain
WeuUqTsNHncO,hash
Neonet,plain
OOryJx,hash
Neoprofil,plain
ubDFBQybh,hash
Neotermo,plain
mEYQwZaL,hash
Neptun,plain
XqfXWO,hash
Nestle Waters,plain
JJMaWwAaqdhfG,hash
Nestle,plain
vzPFiB,hash
Netbox Polska,plain
azjvOtrjlLGTO,hash
Netbrokers,plain
OvUOsnFiEH,hash
Netia,plain
jFjJF,hash
Netmedia,plain
bVMLtUKs,hash
Netto,plain
PYitR,hash
Networks!,plain
OZamLJqDJ,hash
Neuca,plain
tuNHN,hash
Neupack Polska,plain
zoXMApiSZxKmMv,hash
Newag,plain
xKKaH,hash
Nexteer Automotive Poland,plain
zITLEhXfgrDxVEeVJwcJDTvfY,hash
NFC Polska North Stepnica 1229,plain
IToQsvqraDEMMlIFkFvlPPxFtwqgCh,hash
NGK Ceramics,plain
gBzHTZbellQy,hash
Nickel,plain
ScgCui,hash
Nicols Poland,plain
TBLFuWLEXgGYM,hash
Nicromet,plain
zgKQsXjV,hash
Nidec Motors & Actuators Niepołomice 1104,plain
TOJanfqbkPJmyhuvvHqDaAANoTgtjRFmDUDLrYRgE,hash
Nitroerg,plain
jxeyfgix,hash
Nivea Polska,plain
QbeHOruGOKJO,hash
Niziński,plain
aeyoPBOk,hash
Nord Capital,plain
orbkoVWKPYJv,hash
Nordan,plain
MaCwLO,hash
Nordfish Foodmark,plain
unmFvGuWuCawnRwvD,hash
Nordkalk,plain
ODJskSyh,hash
Nordzucker Polska,plain
OrCqAffKSmcxIwssw,hash
North Coast,plain
oAhVTrPOCMe,hash
Nova Trading,plain
NVoNCyBcyHBH,hash
Novatek Polska,plain
VCJcScItUQTTyG,hash
Nove,plain
denG,hash
Novo Nordisk Pharmaceutical,plain
rtEHgWrQSOEbYfvEKqzvpxvbrBA,hash
Novol,plain
FjPXh,hash
Nowa Era,plain
uIBjFUUU,hash
Nowa France PHE,plain
gmeLRCnMyIIpfte,hash
Nowa Itaka,plain
SyZkWlGWwM,hash
Nowalijka,plain
xYRrJDrqo,hash
Nowość RSP,plain
GUeuIIBOcj,hash
Nowy Styl,plain
LkbmSgiPd,hash
NSG Grupa w Polsce,plain
WfStNGntivqLUwtewC,hash
NTT System,plain
vzJgPZLcZg,hash
Nystal,plain
jjXIaP,hash
Obory,plain
uYMFC,hash
OBR Przemysłu Rafineryjnego,plain
vWNPmQWYSNZrXodxtDeKIIduCUx,hash
Obram,plain
uNgsx,hash
Oceanic,plain
qOlxGRX,hash
Odlewnia Żeliwa Śrem 1756,plain
jjqEPAiqfomjmmpmAdhVnaUeS,hash
Odratrans,plain
NWuaNHvlx,hash
Oerlemans Foods,plain
hQneCpbxzGgDnVh,hash
Oknoplast,plain
HUnwGYiuM,hash
Okręgowe PEC,plain
CrIMgXimujaU,hash
OKT Polska,plain
JeVbAPWmmq,hash
Olam Polska,plain
WoRHPuiJloc,hash
Olympus Polska,plain
GfKszlGJlJwVAl,hash
Omega Pilzno 1050,plain
eqHKkyiSSJLcEGuDg,hash
Omya,plain
CjTw,hash
Onico,plain
FIbjw,hash
Onninen Polska,plain
DXQmwxMNLvwLgr,hash
OPDF,plain
xTnT,hash
Open Finance,plain
OjoYmeYkpSqi,hash
Opoczno I,plain
AvndYfMAz,hash
Oponeo.pl,plain
jawrnscxX,hash
Oracle Polska,plain
FVWqDWjeBrVZM,hash
Orange Customer Service,plain
bCBIDyIHcGVUPymUsZROish,hash
Orange Polska,plain
KliuvMcHvvJmZ,hash
Orbis,plain
ewebs,hash
Organika,plain
yMEVelVz,hash
Organika-Sarzyna,plain
rjLyKwMUxhvRMGOx,hash
Oriflame Poland,plain
uuZtPKigGMmaSJr,hash
Orion Polyurethanes,plain
fJyfBcVXbaISvlInCqS,hash
Orlen Asfalt,plain
tGhhwIJEEsOZ,hash
Orlen Gaz,plain
DeDpJoORx,hash
Orlen KolTrans,plain
DxhBurUGFBeqhR,hash
Orlen Oil,plain
GPvMCkifx,hash
Orlen Paliwa,plain
xcYWEGMYLHTZ,hash
Orlen Petrotank,plain
haBjjwAZrXhhgFN,hash
Orzeł Biały,plain
UkwjrqJopPh,hash
Osadkowski Cebulski,plain
EtwkwQbEkoKzxZKPdEz,hash
Osadkowski,plain
gvicfnSCcn,hash
Oskroba,plain
QhBQYiA,hash
OSM,plain
LYJ,hash
OSM,plain
DhO,hash
OSM,plain
VEL,hash
OSM,plain
Yjh,hash
OSM,plain
MBl,hash
OSM,plain
Bnf,hash
OSM,plain
ljG,hash
OSM,plain
Yfw,hash
OSM,plain
Emc,hash
OSM,plain
Bah,hash
OSM,plain
vyX,hash
Osram,plain
yxMnd,hash
Ostróda Yacht,plain
cuDlZSGmmZGBg,hash
OTCF,plain
nvRm,hash
Otis,plain
zMah,hash
Otmuchów 968 (285),plain
DydpftXKCSZmGhVUUT,hash
Ovotek,plain
SXKQSJ,hash
OZAS-ESAB,plain
wShQqdkli,hash
Ożarów,plain
eUFWMd,hash
P.A. Nova,plain
dWLFQPLEW,hash
P4,plain
ym,hash
Pader,plain
yBuRA,hash
Padma Art.,plain
SlCGjxLsFd,hash
Paged,plain
BbfRD,hash
Paged-Sklejka,plain
XUjOrAcsZqjFk,hash
PAK Serwis,plain
uQQADiFsGX,hash
Pak-Volt SA,plain
pFlGptNubNm,hash
Pamapol,plain
ByhGSTk,hash
Pamso,plain
DaWte,hash
Pan Media Western,plain
MALcGEVYEQotwxMvH,hash
Paneltech,plain
ehBTfiqRD,hash
Paperlinx,plain
EfFRiolGW,hash
Parker Hannifinles Poland,plain
PkxKwRQAnjgQasvqOQkiBwJsp,hash
Partner Steel,plain
RUWywBvJXTBuW,hash
Partnertech,plain
KJpheGTnWTv,hash
PAS Polska,plain
VCvcKFtTlU,hash
Pasaco Papiery Powlekane,plain
MmMwEEyFeFsRqOtUvsQygFyh,hash
Pasz Konspol,plain
wsuGPxhQWykl,hash
Pawtrans Holding,plain
UZoYYMJWIlNdHtKT,hash
PBDiM,plain
XopMK,hash
PBDiM,plain
KPuVL,hash
PBE Elbud,plain
gvyGNXSIU,hash
PBG,plain
evJ,hash
PC Factory,plain
fGoteVkfCU,hash
PC Guard,plain
VAIcKXAE,hash
PCC Exol,plain
hlwaQbBW,hash
PCC Intermodal,plain
PphJqohiSfCMqd,hash
PCC Rokita,plain
dzSuJRPxha,hash
PCF Procefar,plain
XAlBSsKOYEVW,hash
Peamco Materiały Budowlane,plain
OCKrRldQqAjoCvvwNOLZjtWvGY,hash
PeBeKa,plain
aPZMZI,hash
PEC,plain
GVn,hash
Pegas Grupa,plain
pfriUtOuaTF,hash
Pekaes,plain
DyBasr,hash
Pelion,plain
JxjfUu,hash
Pepco Poland,plain
BkXZkKoddWVi,hash
Perła Browary Lubelskie 768,plain
TNrHRtUtjbcFSVGMrlizxwwdVMm,hash
PERN Przyjaźń,plain
ZuWgxmxCBUhgY,hash
PESA Pojazdy Szynowe,plain
QpyvpkoeEGivjjfQqyZj,hash
Petrax,plain
hZzQRK,hash
Petrochemia-Blachownia,plain
sjuiiupYoObODVZOddaEHl,hash
Petrodom Venna,plain
wcrRbvMHYYOrUV,hash
Petrol,plain
kRWgcT,hash
Petrolis,plain
hQGaWJDX,hash
PF Lek Am,plain
XmlIZgnBw,hash
Pfeifer & Langen,plain
EEImxpwIlbLRTAXs,hash
PFHBiPM,plain
ZUEmLrh,hash
Pfizer Trading,plain
IvOyejevIjOVre,hash
Pfizer,plain
wYcivb,hash
Pfleiderer Grajewo 222 (92),plain
YFwvYnAEJBoNldkyJdQrXebQFvU,hash
Pfleiderer Mdf,plain
LyRXXdvOcyqgdm,hash
PG Silesia,plain
ESONEeuuLF,hash
PGE Dystrybucja,plain
EIrjdIIghehqNUm,hash
PGE PSE,plain
zMyJgQQ,hash
PGF Urtica,plain
WLCttDLktn,hash
PGF,plain
nDk,hash
PGNiG,plain
AFDLr,hash
PH Conkret,plain
HgddOukJWS,hash
Pharmapoint,plain
FvZKpLMDtFA,hash
Philip Morris,plain
YQGntgDNfeirs,hash
Philips Lighting Bielsko,plain
SgSeBXeNEWOEcIHoSOPaCfGq,hash
Philips Lighting Poland,plain
KiFEVpNqTEpGpnEvZrbqIbJ,hash
Philips Polska,plain
BjCbQHCKEWksFA,hash
PHO,plain
Mki,hash
Phoenix Contact Wielkopolska ,plain
HlsOLQlMaSuCrlpifpcIDpapBlaDq,hash
PHP Wiesław Wawrzyniak,plain
GdwBhaJwFOWbMaxeZCpOCo,hash
PHU D. Bobryk D. Bobryk ,plain
ryjTluAByGhkqEqpDSaRGAXz,hash
Piast Pasze,plain
sEeXZziSwnJ,hash
PIB,plain
eHY,hash
Pieprzyk,plain
SLGFPqCW,hash
Pierre Fabre Medicament,plain
kpgUuyrFAFjgUlNKmmDUrFu,hash
Pilkington Polska,plain
KklXavLEaEffKLvxO,hash
Pinguin Foods Polska,plain
thrcDYMyWuzryCFOSsAy,hash
PINI Polonia,plain
OGMrMAvMDpxX,hash
Pioma,plain
Ojklf,hash
Piotr i Paweł Zachód,plain
BVLMOSuIpqrtComhRhQs,hash
Piotr i Paweł,plain
BLPtdjpUIWXAW,hash
Piotruś Pan,plain
VjzVYzWnRmn,hash
Pipelife Polska,plain
UHpEumimechhMdv,hash
Pirelli,plain
njtmOlc,hash
PKB Pekabex,plain
WvZsZCLIywO,hash
PKN Orlen,plain
GqxgDzomx,hash
PKO Bankowy Leasing,plain
fFjFswUxdBWtxXSyMCo,hash
PKO Leasing,plain
GqUwOEeFeCA,hash
PKP Cargo Service,plain
IXBivzNTaikwCbOuB,hash
PKP Cargo,plain
eklgpynfl,hash
PKP Energetyka,plain
OLIbkKrjHRAaXU,hash
PKP Linia Hutnicza Szerokot.,plain
qtFdeMoDyabniimZfGtqaddqAtoO,hash
PKP Polskie Linie Kolejowe,plain
UdNmUMmmNagafGhZWkAYRzSQNq,hash
PKP SKM,plain
AzMOhuu,hash
PKP,plain
WeO,hash
PKS Gdańsk-Oliwa,plain
tFhzTeJHizeBHtIT,hash
Plast Team Poland,plain
nIxpfPKUaifPUHQka,hash
Plast-Box,plain
LGJeQncfV,hash
Plastic Comp. And Modules,plain
cNjPNaIGRVyMEdzpkVDUMzEXT,hash
Plastic Components Fuel Systems,plain
oPmzpDqIlwwABYyuFdirdoTeFOYTuCy,hash
Plastica,plain
zIlUsPNR,hash
Platinum Properties Group,plain
gBNDuzuzKyvILczSfAljPuHDe,hash
Plichta,plain
JQLeYVH,hash
PLL LOT,plain
WptGWCj,hash
PMG Play,plain
FrEdlYEo,hash
PNiUIK,plain
nVkPOn,hash
Poczta Polska,plain
DlEAKMqnwawdx,hash
Pol-Am-Pack,plain
yzFgwOTwaMW,hash
Poland Fur Production,plain
BEgdMCtTHKwcNOhARZKgt,hash
Polbau,plain
qFIYbK,hash
Polbrand,plain
pRYdVyEm,hash
Polbruk,plain
gqyEblg,hash
Polcan,plain
uzWYqW,hash
Pol-Car,plain
nJECnOy,hash
Polcopper,plain
uHxTYWwHM,hash
Poldanor,plain
zdRrCepM,hash
Polenergia SA,plain
yEwkdRUTwLVbT,hash
Polfa,plain
FlMcM,hash
Polifarb,plain
TEozoGzO,hash
Polimex-Mostostal,plain
dnObnNVEyHjMnFqus,hash
Polindus,plain
FSxGukZW,hash
Polipol Meble,plain
xswpzoZqJcAAn,hash
Polkomtel,plain
tGSivzfLM,hash
Polmarkus,plain
YIPQhCbBv,hash
Polmars,plain
iMWlsck,hash
Polmax,plain
eruIUN,hash
Polmex,plain
rMBQwL,hash
Pol-Miedź Trans,plain
WqfTAtPYOLAcxfc,hash
Polmlek Raciąż 1069,plain
ibrLzRKiiYklMWipDZT,hash
Polmlek,plain
YsVLTfx,hash
Polnord,plain
vjnCluU,hash
Pol-Oil-Co,plain
KfMsfyPbhW,hash
Polomarket,plain
UlgTOBosbL,hash
Polpharma,plain
FNmHSViuV,hash
Polser,plain
cFMmSG,hash
Polska Grupa Dealerów,plain
ZiuhmZwQdwmNvcssBXhJY,hash
Polska Grupa Odlewnicza,plain
tfuBwfKSTuUGKvradMXQICM,hash
Polska Żegluga Bałtycka,plain
QZgsBBmdAgNKtZMgKnKNQvh,hash
Polska Żegluga Morska,plain
akXCYgSSBkxuqEZwnrMdW,hash
Polskapresse,plain
AEZgoDBLRVfF,hash
Polski Gaz,plain
lmkHvAiTma,hash
Polski Holding Nieruchomości,plain
ZYTDPQZSOxPTZBtDneFwJLqyAyNT,hash
Polski Koks,plain
JOjLokAHVAO,hash
Polski Ogród,plain
VSxPrfHJwoIh,hash
Polski Tytoń,plain
efSoVHRyZZbN,hash
Polskie Młyny,plain
bJDozyWKUNfKj,hash
Polskie Zakłady Zbożowe PZZ,plain
RCVPaWZIBEdxzZEMqiRGLTdVByP,hash
Polskie Zakłady Zbożowe,plain
NeJulCBdtlaMryOSOFtubQH,hash
Polskie Zdroje,plain
SIhRCFMDhCKnvC,hash
Pol-Skone,plain
LtrAnlDfF,hash
Polsnack,plain
MNWPnbsb,hash
Polwax,plain
zFoKbB,hash
Polynt,plain
ueYfLP,hash
Porr (Polska),plain
FAQAasLAAOrAk,hash
Porta KMI Poland,plain
PUzmhQJFUopowvrr,hash
Portos,plain
guJdAN,hash
Posco PWPC,plain
fefbEIMnpy,hash
Pozbud T&R SA,plain
jepnxgupZAuhP,hash
Pozkrone,plain
NiOdJEei,hash
PPG DECO,plain
DkRmYnvO,hash
PPMT,plain
WTRx,hash
Pratt and Whitney Kalisz 792,plain
QCGZvidKoGixEHWempJoYMqSvtQv,hash
Praxis,plain
fzdCeu,hash
PRD Lubartów,plain
XBqorKbsVsXJ,hash
Pretium Farm,plain
LNyEGCjNxDbc,hash
Prime Car Management,plain
ZUVudsCmYUtfjrbOQMoK,hash
Procam Polska,plain
skFixRQmPzaOQ,hash
Prochem,plain
rGofKfC,hash
Procter & Gamble DS,plain
hjAEXDGDMDZDfQtjgrv,hash
Procter & Gamble Operations,plain
mWhxlfkTjUImhPzLXjzsyiGxpms,hash
Procter And Gamble Polska,plain
mPzAqRCvbnoipDenDkvAgPVdw,hash
Profarm PS,plain
lWYWepRkZz,hash
Profi WWŻ,plain
verXXJrYV,hash
Profim,plain
xWucDv,hash
Progress Chem,plain
HEzjkzYsNikEl,hash
Projprzem,plain
YqMhIcSKW,hash
Promag,plain
pkaKAJ,hash
Promar PPH,plain
hnspbMDBUc,hash
Pronar,plain
KSaUTL,hash
Prosper,plain
BJdYzBa,hash
Protea,plain
XezRLv,hash
Provident Polska,plain
nFEXMELXJLLXIZul,hash
Prowell,plain
gLIxssZ,hash
Pruszyński,plain
jwlnlFSRSn,hash
Prymat,plain
ixdypg,hash
Przedsiębiorstwo Rolno Spożywcze,plain
nQVcgTDAmfTIPHvJqGAgOzkbQwJVScnt,hash
Przemysłowe Centrum Optyki,plain
vHAdtJYpjoBWJFnmsWnKaVYdBA,hash
Przewozy Regionalne,plain
dGtcqRrDaUhmgLEBcGE,hash
PSE,plain
tkw,hash
PTK Centertel,plain
rpwDkljcdCqXg,hash
Publima,plain
IprfByX,hash
Publimar,plain
EJJFvzrC,hash
PUGiB Bud,plain
lEkoXuIOB,hash
PUT Intercor,plain
PwofzQulnQsJ,hash
PW Agro,plain
IYHcibG,hash
PwC,plain
Ayo,hash
PWiK,plain
chCp,hash
PWPW,plain
StZF,hash
PZ Cussons,plain
jgycVJiYFv,hash
PZF Cefarm Warszawa 1492,plain
kPJmNIxzRwZYRSUMLPgmrFZr,hash
PZF Cefarm-Lublin 1267,plain
nefwUCxJjnGysRFIrLkZQe,hash
Q9,plain
cz,hash
Quadrum-Foods,plain
gmaUUMzOjogpE,hash
Qumak-Sekom,plain
uXyEbIOrzKv,hash
Raben Polska,plain
LVvjwqxxDnMx,hash
Raben Transport,plain
OAuQwnuwIVINJVS,hash
Radpol,plain
EDihgG,hash
Rafako,plain
DpUBEP,hash
Rafineria Trzebinia 174 (106),plain
ubJqFhUzlfuLkUWiiLYcapEcnNrOZ,hash
Raiffeisen Agro-Technika,plain
ieQkJbTwooZXJGYOUimPCgLy,hash
Rainbow Tours,plain
FvdqvWawZvodT,hash
Ramb,plain
BaOu,hash
Ramirent,plain
RhJQQBnF,hash
Randstad,plain
wMFCfyUU,hash
Rawlplug,plain
GDidIHlc,hash
RD Bud,plain
uAMspt,hash
Re Alloys,plain
DOetVRBoS,hash
Real,plain
TBrc,hash
Real,plain
hmlM,hash
Reckitt Benckiser Poland,plain
UUVtUhnMoUFpsLvBJtOiqNaH,hash
Reckitt Benckiser Production,plain
QlaDvkBAqbEbswjacawpbhchJzUd,hash
Red Bull,plain
emTaKCAA,hash
Redan,plain
cVEYT,hash
Regenersis,plain
cZVAAqxxIO,hash
Regesta,plain
VeMIgch,hash
Regis,plain
oCdaz,hash
Rehau,plain
qGoqC,hash
Remak - Rozruch,plain
yxsKTPbBzCrgrxC,hash
Remak,plain
IQuDc,hash
Remontowa Holding,plain
JSqnUkODFFnhCSAbT,hash
REN,plain
WCZ,hash
Renault Polska,plain
htmZQktimrhnmb,hash
Resinex Poland,plain
FrgqlMYKgzdBUg,hash
Rettenmaier,plain
oECzVjZpShA,hash
Rhenus Logistics,plain
vwibarSwkppbJDPB,hash
Rieber Foods Polska,plain
GVFrXyZqYMeDfRKkQbu,hash
Röben Polsk,plain
coRAUTnopRq,hash
Robert Bosch,plain
BxNbBJNHemGc,hash
Robyg,plain
Flbfq,hash
Roch,plain
ojnk,hash
Roche Polska,plain
HZaEqahwaTEY,hash
Rockwell Automation,plain
TZsCOxbqlBRDTWadBGb,hash
Rockwool Polska,plain
JqzkOEKUbISasTY,hash
Rohlig Suus Logistics,plain
QpNjuzviiOENMVymMOpbr,hash
Rolls-Royce,plain
kinogmASCQl,hash
Rol-Mech,plain
hvQagwOX,hash
Rolmet,plain
yWJkcg,hash
Rolpol Żywienie Zwierząt,plain
xBjQYurfFaRCeGhcgClkUjwH,hash
Rol-Ryż,plain
vooJrol,hash
Ronal Polska,plain
vuLfNDtzbAeo,hash
ROSA Europe,plain
iRIxEBegNXm,hash
Rosiek & Rosiek,plain
vKzfRZwCdaVDxhC,hash
Rosiński i S-ka ZPO,plain
VXZWAeQuMQDOeJWoghg,hash
Rosomak,plain
AZPcxyU,hash
Rossmann SD Polska,plain
YadWvrSipXBouXCbQd,hash
Rosti,plain
AifMu,hash
Roto Frank Okna Dachowe,plain
oMkSUGrDQNpAMQnrAejaKjp,hash
Roto Frank Okucia Budowlane,plain
TJYzrPYLKjVqGeSRxwfirdOADpx,hash
Route A4,plain
ofQHVcok,hash
Rovese,plain
eNRrwN,hash
Rovita,plain
pdgKHq,hash
Royal Canin Polska,plain
ZFTODQXyeSxzaMrcaS,hash
Royal Greenland Seafood,plain
fxzTJLbQGflFdKrJLOGopfX,hash
Royal Trading,plain
suGBhVxEHNvil,hash
RPC Superfos Poland,plain
qjdfitpQBLhPPfQLqWF,hash
RR Donnelley Europe,plain
NsepUtNchazImZhfYmD,hash
RR Donnelley Global Turnkey,plain
sBrrgFNVldJNspURUMopWemZjVm,hash
RRC Poland,plain
ntHULSdJRQ,hash
Ruch,plain
eRjX,hash
Rug Riello Urządzenia Grzewcze,plain
KIMsdmoujmBPAaZAYcocUrNpEtFtFx,hash
Rupińscy ZPK,plain
FHUiUPZcNWtm,hash
Rurex,plain
UGQAj,hash
Ruukki Polska,plain
bPSmPtOEIxhhG,hash
RWE Polska,plain
fmNQnZjmFT,hash
RWE Stoen Operator,plain
MYKEnGDHkIeqCZNfyR,hash
Rywal-RHC,plain
QLLjcEbzU,hash
S E Bordnetze,plain
aWcilZYRdOaKx,hash
S&T Services,plain
FwadJQRoPbZR,hash
S4E,plain
LDr,hash
Sabre Polska,plain
SCvfJBeIQfyf,hash
SAD,plain
GJX,hash
SAF-Holland Polska,plain
dGkGedJsMVjhYrpAwV,hash
Sagemcom Poland,plain
wqdwmrcLpNOJwVg,hash
Saint-Gobain,plain
HiAATSThopBp,hash
Salini Polska,plain
pylVlMePSVlBo,hash
Salus International,plain
owvdEJPDzNiodfrJhAz,hash
Same Deutz-Fahr Polska,plain
ebNDSdVtPGaskqqbsrKYIc,hash
Samsung Electronics Manufacturing,plain
wdBakoNukhLLjhzvBMHJyzfvudmbfuzVc,hash
Samsung Electronics,plain
LndeNaAktMqBKapwYBj,hash
Sanden Manufacturing Poland,plain
joiOwEYjfAQkBsZPclvwshSOqDY,hash
Sandvik Baildonit,plain
JfxzdLpsAAMxaZgeQ,hash
Sanha,plain
bjJRi,hash
Sano,plain
HYbc,hash
Sanofi,plain
rRAwoJ,hash
Sanpol,plain
WgOTqo,hash
Sante A Kowalski,plain
dTGSDXzlBUiDdZce,hash
Santiago,plain
ETSYMMVb,hash
SAP Polska,plain
IZAtZmGevT,hash
Sapa Aluminium,plain
xwYZBLzIcxRDgl,hash
Sarantis Polska,plain
JdPZvPaRsdmQnKq,hash
Saur Neptun Gdańsk 1091,plain
GkUqujdQGdnWmRMeqUrAkMe,hash
Sawex,plain
ysZKs,hash
SBS,plain
GUT,hash
Scandic Food,plain
XOAJULkfXekG,hash
Schaeffler Polska,plain
edSEzbKLlifOYYCQw,hash
Schattdecor,plain
tLHVSBxlJFF,hash
Schenker,plain
CYZWuJyL,hash
Schneider Electric Polska,plain
QkkgiVuEWwdVKvvEIzRpHwrXj,hash
Schoeller Allibert,plain
JoAxNLxutOlRrlhcFG,hash
Scholz Polska,plain
gxXMBaHaOjhRb,hash
Schumacher Packaging Zakład Grudziądz 1888,plain
vkZqMdKvBDCZIavVQGkWIWGnrcGGPKqOxBhnqIiHSI,hash
Schumacher Packaging,plain
dnAZljJsxRHRXanvjLNd,hash
Schwarte Milfor,plain
mmJcrvesMvYVwIn,hash
Scrapena,plain
uhEadkDQ,hash
Seco/Warwick,plain
OyQpxxVuhmpG,hash
Securitas Polska,plain
TiRSzIBwFJAhaVvU,hash
Seiki,plain
yvtCX,hash
Seko,plain
altM,hash
Selena FM,plain
LhLeeHVwL,hash
Selena,plain
qwjUuG,hash
Selgros,plain
IFzMYcQ,hash
Sellpro,plain
DDnqJpw,hash
Semi 2,plain
YhmpaD,hash
Semmelrock Stein + Design,plain
CdiJlvCMbSkRuRZgCZHaztKwx,hash
Sempertrans Bełchatów,plain
ActZKUuNHwDXETjxbgABg,hash
Senetic,plain
PAxHtPM,hash
Seni,plain
zcRg,hash
Sephora,plain
oJCEsaY,hash
Servier Polska Services,plain
HNQkiOHbFFvoELOIOrHNWYF,hash
Servier Polska,plain
FLkMnFkPXOYsnD,hash
Serwistal,plain
ZNkElJnIZ,hash
Sest-Luve-Polska,plain
LGfkhxLMxPAVudQO,hash
Sews-Cabind Poland,plain
HGPOkzhRVpWkeiigPo,hash
Sferis,plain
MShbVS,hash
Sfinks,plain
Wdqfhp,hash
SG Equipment Leasing,plain
VsmggssWFhBtoMPTCobT,hash
SGL Carbon Polska,plain
LQXyWVjeGfGjhtVdz,hash
Shell Polska,plain
YouOhidisfCj,hash
Sherwin Williams Poland,plain
TgtTwkntbBYFfQpBwXZDLpw,hash
Shipbuilding Stocznia Remontowa ,plain
xgbJAZYfyRxZIhUKSfHpGNtOrdOXDtmX,hash
Siarkopol,plain
prOdswuOu,hash
Siemens Finance,plain
ocRpSHSNjuaDeTg,hash
Siemens,plain
JHHeAgp,hash
Sigma,plain
zpPIL,hash
SII,plain
ZRy,hash
Sika Poland,plain
vztpoDaNlJy,hash
Sila Poland,plain
LwWencJzQrz,hash
Silesia MZ,plain
eNXZhoIOCm,hash
Silgan White Cap,plain
wZQNduFBpCrazPVM,hash
Silscrap,plain
coRSjcOv,hash
Simoides Plasticos,plain
ZgeSREifYQSlzVSpvR,hash
Sinbad,plain
kvmLWR,hash
Siniat,plain
RJChqL,hash
Siódemka,plain
zbWNEsDC,hash
Sita Polska,plain
GCeFccoOzDM,hash
Sitech,plain
EzwDhr,hash
Sits,plain
MYfl,hash
Skat Transport,plain
GeseZCvgWnRFWD,hash
Skaw-Met ZPZ,plain
hKHouIPJqoLV,hash
SKF,plain
ekX,hash
Składywęgla.pl,plain
ijVhYabfGHlDul,hash
Skłodowski,plain
eMvgyBrHhp,hash
Skup i Sprzedaż Zwierząt Rzeźnych i Hod.,plain
XryomwGrDpUrDpEmFwoUWEriMbECNIJJShrimdPh,hash
Slovnaft Polska,plain
uYFKqsRwJsgADSZ,hash
Slovrur,plain
DsnsJMI,hash
Słodownia Soufflet,plain
GIyWOnOFwgEedfAkRu,hash
SM Logistic,plain
lDvPBFHnlAE,hash
SM Mazowsze,plain
vkLlrqDOLwP,hash
SM Rotr,plain
cxCGpXA,hash
SM Sudowia,plain
AgRXdjGaJR,hash
SMT SA,plain
FTZebn,hash
Smurfit Kappa,plain
IMAXsswbOArQg,hash
SNS Trading,plain
RVNrwfgssrN,hash
Sobieski,plain
mRgnWyZA,hash
Sobik FHU ,plain
kJqHbtPIex,hash
Soda Polska,plain
iloqpLWBxxb,hash
Sodexo Polska,plain
CEjgeWqUkOkiB,hash
Sokołów,plain
DGZDWAT,hash
Sokpol,plain
lXOrDi,hash
Solar Company Ltd,plain
oWkkqTsFowkiRUCtI,hash
Solar Polska,plain
nNdTmtwwVVgJ,hash
Solaris Bus & Coach,plain
OawrRFXOejiabnsQVsj,hash
Solbet,plain
gLfwOl,hash
Solid MCG,plain
VYEHsMfXG,hash
Solidaris,plain
PQwvZXfyg,hash
Solvadis Polska,plain
GLuqwhpcOmfBwHV,hash
Solvent Wistol,plain
RXjxbIBuiZITOE,hash
Sonko,plain
Rxdnu,hash
SOTPM,plain
Htakc,hash
Soudal Manufacturing,plain
tMzvXonXoENuNOYtwuPT,hash
Soufflet,plain
bgVPbMDy,hash
Specjał,plain
jEOjELo,hash
Spedimex,plain
oQNQLAzK,hash
Społem PSS,plain
tOLlPEgRxo,hash
Społem PSS,plain
yHKCCGOoEc,hash
Społem PSS,plain
xVDANnptwg,hash
Społem PSS,plain
bDLmFYKLEQ,hash
Spomlek,plain
FyFtgeg,hash
Spółdzielnia Mleczarska,plain
OuufslZSQeGaiIGXBEqwvmB,hash
Spółdzielnia Mleczarska,plain
dSqEYjCxhrgUILQuwfiPgIQ,hash
Spółdzielnia Piekarsko-Ciastkarska,plain
HbZhIAlhWzjTqZNzXIMMZZSonlOWTdqzlZ,hash
Spółka Restrukturyzacji Kopalń,plain
mBqnKBxOyvvNrFrdkqfdcUOreHWYkZ,hash
Sprick-Rowery,plain
hoKyZfoNtBbsH,hash
Stadler Polska,plain
rcZRZGyJiOVCou,hash
Stako,plain
PLLBc,hash
Stal,plain
pjPq,hash
Staler TG,plain
vswqbrXuk,hash
Stalexport Autostrada Małopolska,plain
QMAhTvhRHzHZqZFkVLBBLeUoZXQIWCGw,hash
Stalexport Autostrady,plain
xfxLAIBIqcECNyunYHJCO,hash
Stalma,plain
LtwzDu,hash
Stalprodukt,plain
kYgMfOZLTpZ,hash
Stalprodukt-Centrostal,plain
LzOBEbAzUcwHQzkoGCQGoP,hash
Stalprofil,plain
RqJjJsRbxc,hash
Stanchem,plain
fReMroIb,hash
Standard,plain
kPpVNsLW,hash
Stanley Fastening Systems,plain
KJAdsFZRWpXxkntkVJhbiKbjq,hash
Star Gres,plain
GaIMTsfEy,hash
Star-Dust,plain
sEtTkWWgF,hash
Statoil Polska,plain
tPktXWrfVNWZkH,hash
Steico,plain
IHZVCy,hash
Stek,plain
tAff,hash
Stella Pack,plain
UBNDrouoRmQ,hash
Stena Recycling,plain
OxFcxwmayfsjIkU,hash
Stepan Polska,plain
GhxataVerKScM,hash
Still Polska,plain
cdlmGKohFwuT,hash
STK SA,plain
FdlJMM,hash
Stock Polska,plain
ahRfmCNBWgni,hash
Stocznia Gdańska 1461 (190),plain
nQVVgSKuzwzbwElidhHggKCyAhg,hash
Stokrotka,plain
qPevysCOK,hash
Stolzle Częstochowa 916 (164),plain
FTPSdzvfrBgIrJISWBPUNmyBKMwVG,hash
Stomil Sanok 403 (100),plain
LPmAjtfZfJbaDqDXSXDHRI,hash
Stopol,plain
aHlVdG,hash
Stora Enso Poland,plain
mGEZFBFlDPGZOWVHt,hash
Storteboom Hamrol,plain
znZZOELficiEMZWVm,hash
Strabag,plain
nuOijIj,hash
Stradivarius Polska,plain
RNPCEYDwBFSNTUOHAZd,hash
Strauss Cafe,plain
abBCMnZQVRHq,hash
Struktury,plain
iecmpJnAT,hash
Strumet,plain
dFDvqpR,hash
Suder Plus,plain
ndTbdrExzz,hash
Suder Suder,plain
BaEVVFceRmQ,hash
Sudzucker Polska,plain
qozNpMjnVoZDAnHn,hash
Suempol,plain
PQnjNge,hash
Sufigs,plain
uMqwnl,hash
Sulimar,plain
dbgFknJ,hash
Sun Garden,plain
VFwnoisNMi,hash
Sun&Fun Holidays,plain
FyOJNxdXmHcsAdFU,hash
Suominen,plain
gqyyFRDf,hash
Super Pharm Poland,plain
dnptKfsPSoOPTHBUYr,hash
Superdrob,plain
PIsfrYdti,hash
Supravis Group,plain
bfXwVGOFsWAmpR,hash
Supros,plain
rLxLBH,hash
Sutco Polska,plain
THZwAckNbtcd,hash
Suzuki Motor Poland,plain
DtWplFDLwiFlSKlgArx,hash
Swedwood Poland,plain
sQYQjntrDiOAiww,hash
Swisspor Polska,plain
bTOzPDZAYbboulf,hash
Sygnity,plain
OFIiSuZ,hash
Synthos,plain
KeFGheQ,hash
Syntom,plain
xEIbgw,hash
Szczecińska Energetyka Cieplna 997,plain
nIiJPBVtQFFxlRiUhqDhRKTFWNcITrDOlZ,hash
SZUH Kółek Rolniczych,plain
wKFbfUTxeUgXfuoPmGsDk,hash
Szynaka-Meble,plain
nuHjSoHYtnqnT,hash
Śnieżka,plain
pAtTsYl,hash
ŚSM Jana,plain
ayWSZeNf,hash
T & J Tyrakowski Jachnik,plain
saCPrtJBJmFsZvYvjMRFbCtt,hash
T Systems Polska,plain
kbfFSDxPbyFGXXMC,hash
Tabak Grupa,plain
tkWDNKLNgoN,hash
Tabo Kuzimski,plain
LIJqckixcCOJe,hash
Takeda Pharma,plain
NJjtJnzAcLVde,hash
Tankpol R,plain
xAyKtJcce,hash
Tan-Viet International,plain
JdkkCDYbkXrggKSPcuDZPi,hash
Tarczyński,plain
LvJplARPsA,hash
Targban,plain
SJIAaMF,hash
Target,plain
ewOjUO,hash
Targor-Truck,plain
HkRjINlJCQOH,hash
Tarkett Polska,plain
KvmhybKhriTwFS,hash
Tauron Polska Energia,plain
amnrZNNjtJtqxfDibhvUl,hash
Tax Care,plain
EZpQeVPi,hash
TB Truck & Trailer Serwis,plain
gnbVGHOZmVrggJjeovYDOilFu,hash
Tchibo Warszawa,plain
nLuQKGMdOEoVBfW,hash
TCL Operations Polska,plain
HmvyUoSGVCzZFHZJCwGnd,hash
Tech Data Polska,plain
kXSVLfTSqcFWHmWn,hash
Technisat Digital,plain
cvLjDBMdPnYiNsRLv,hash
Teksid Iron Poland,plain
evzzjpOWGggANrUuyF,hash
Tele-Fonika Kable,plain
NJOZCEWRtqLRoyEqA,hash
Tele-Mar,plain
CMDdNrgX,hash
Telewizja Polsat,plain
RMJfwVmEqGMjkOhB,hash
Telewizja Polska,plain
JCMxAAgAmMCaMsXH,hash
TelForceOne,plain
TOfXHUHciCj,hash
Tell,plain
Tugu,hash
Telmex,plain
GWLDxy,hash
Teltech,plain
DqykUow,hash
Tenneco Automotive Polska,plain
IijVRpomYexwVTfTENFFffrLA,hash
Termo Organika,plain
kKDwDOoVtCpjAp,hash
Terravita,plain
ZiYyxoBUx,hash
Tesco,plain
StQcY,hash
Tesko Steel,plain
WleTkZFJUGO,hash
Tesla Recycling,plain
TsRLCYtCipSirSU,hash
Tesla,plain
FHQFM,hash
Tetra Pak,plain
HuwYcMpIn,hash
Teva Pharmaceuticals,plain
hJbWCFolVsOkADpMQjNP,hash
Tezet,plain
ZZGso,hash
TFP,plain
yzp,hash
TGS Technika Grzewcza i Sanitarna,plain
KYjhFtjSQCnKkTyECnNcldgnZOneViZiQ,hash
Thales Polska,plain
MzXFzIQSZkzus,hash
The Lorenz Bahlsen Snack-World,plain
TBEboxNsGOgmKQZdmOJaMgbRRYsTtl,hash
Thegra Poland,plain
PSWoLRphmNbXr,hash
Thule,plain
GXEIy,hash
ThyssenKrupp Energostal,plain
JBKEJlFipoJJSIDEbycVkcg,hash
Thyssenkrupp GFT,plain
dlPBCHdSrZQEOcTG,hash
Thyssenkrupp Stal Serwis,plain
BckoquPXtlxCLHUSrxLjhjcL,hash
TI Poland,plain
nNHIOEZCc,hash
Tieto Poland,plain
sOypLdxVfVCR,hash
Tikkurila Polska,plain
hOQUQvhWXjxiiBgw,hash
TIM SA,plain
TtBdiu,hash
Timken Polska,plain
vQSwbXQrGpgFX,hash
TK Telekom,plain
ahjlDwQCjj,hash
TKT Engineering,plain
fTwinwkcfJKVHvl,hash
T-Mobile Polska,plain
LvlyKbfYwSWADrE,hash
TNT Express Worldwide,plain
ryjfrashVvewdnZDMtrsB,hash
Tom,plain
GvX,hash
Top-Farms Głubczyce 2000,plain
sZyMsrjJrNXkGEDASvUDTtRO,hash
Torpol,plain
npQqzk,hash
Totalizator Sportowy,plain
jpCKGOMfuoTczrnEkgzD,hash
Totolotek,plain
lZnRRXGyo,hash
Towarzystwo Zarządzające SKOK,plain
izsyjcJkRhbQXDsBUnzetxnOlmGRD,hash
Tower Automotive Polska,plain
wwtMKIPCsshCeStsiUgroMP,hash
Toya,plain
pKeK,hash
Toya,plain
PMjN,hash
Toyota Motor Industries,plain
iCgPvCTpukOqieELbeIbSBD,hash
Toyota Motor Manuf.,plain
JccxGEEceFcDepICcqh,hash
Toyota Tsusho Europe,plain
nXcrqpglGbKmHYSfpgqe,hash
TP EmiTel,plain
vFstEFtrZ,hash
Track Tec,plain
TsVuJxiMi,hash
Trade Port,plain
DIdFXUJxqI,hash
Trade Trans Log,plain
gRSHVySSqMZVGXz,hash
Trade-Prod,plain
bQVFShmEXp,hash
Tradis,plain
FQdixP,hash
Trafika,plain
CnVypNu,hash
Trakcja,plain
fPPXymI,hash
Tramwaje Śląskie,plain
tqzzUBRPYkjWMHog,hash
Tramwaje Warszawskie 388,plain
esCDBKrENGOcllQvNwQOkymd,hash
Trans Ser,plain
IxanJFEkf,hash
Transfer Multisort Elektronik,plain
tvxbyAyGZcBByPHNlYPMjMALBWdKK,hash
Transpost,plain
CaHMASmOy,hash
Trasko-Invest,plain
xBNuafvqOLWNU,hash
Trefl,plain
OCXAc,hash
Trelleborg Sealing Solutions,plain
lINiGvsmDXAkRymrukDwZPbJjzuG,hash
TRI (Poland),plain
ZLjYBgsrrgAJ,hash
Trio Line Polska,plain
djGjDzPEwrNfcYri,hash
Tristone Flowtech Poland,plain
geVvFLAlFgAnAwCMnGKlpzYY,hash
Trouw Nutrition Polska,plain
KiRTiPFDvjkeLswgPCIium,hash
Trumpf Polska,plain
KPNrgZKajJxjI,hash
TRW Polska,plain
vxUOJqdEwG,hash
Tubądzin Management Group,plain
SijIjxPMPxUsnPckbhmLyLWXy,hash
TUI Poland,plain
NavgbgYXiS,hash
Turbocare Poland,plain
tmvBNPqMEJKokDgz,hash
Turbocare,plain
XTtrbiVnR,hash
TVN Media,plain
joVBuGyGU,hash
TVN,plain
OlV,hash
Tyco Electronics Polska,plain
LDResAQXSHwfmWrkQHIrnUg,hash
Tymbark-MWS,plain
GIYfmGSSldA,hash
Tyrex,plain
yTyZS,hash
TZMO,plain
WgmU,hash
U Jędrusia,plain
HDCMZqKsrx,hash
Ulenberg,plain
tHLAguVU,hash
ULMA Construcion Polska,plain
HxAPlvfKRszgdhazyroUZmC,hash
Ultrafood- Indrob,plain
lZrxMAliUGgjFpYez,hash
Unia,plain
SvXF,hash
Unibep,plain
oBeKts,hash
Unifreeze,plain
FhvaikgSI,hash
Unilever Polska,plain
dYEpobasUmSLqQe,hash
Unimetalex,plain
EtKQkAiloc,hash
Unimięs,plain
AoxZcWp,hash
Unimot Express,plain
iBzdbjEvyLckbs,hash
Unimot Gaz,plain
hvNxKjQfYe,hash
Universal Mccann,plain
xojuZhbnJcpmFSmW,hash
Uniwersytet Warmińsko-Mazurski Olsztyn 1653,plain
GyQmsjlQpFbzRYGpSfKEZiwTbnlfKukHjQBjCFsAMRa,hash
Uniwheels Production Poland 288,plain
gfndyZSJzsOXUDBWtgzBSRCtmVYLYrz,hash
UPC Polska,plain
pKvLbuUoIo,hash
UPS Polska,plain
URNtxLqelv,hash
Ursus,plain
poZmA,hash
Urząd Dozoru Technicznego,plain
EYwvmjCfnMLyyOPHrTDTssKQJ,hash
USP Zdrowie,plain
nDKviJTabhf,hash
Ustronianka,plain
PuUWfPlfvqj,hash
Uta Polska,plain
AyPLXBMhCs,hash
Valeo,plain
RvMua,hash
Van Cargo,plain
EEPxIaSrU,hash
Vantage Drilling,plain
mbPRKmUzDhJAqKdE,hash
VB Leasing Polska 934,plain
OrNuzqXDkzLlBXlBipotJ,hash
Veka Polska,plain
ZcZMRkfVHPQ,hash
Veracomp,plain
DufrcqKq,hash
Vero-Stal,plain
fiPVERsPp,hash
Vesuvius Poland,plain
wJCNvJQzdrDJraE,hash
VG Polska,plain
yFJbKohev,hash
Viando ZM,plain
wCDhnFJZN,hash
Vibracoustic Polska,plain
zoeVinPuQZAVbZicwEG,hash
Victoria Chemicals,plain
QMSXrUajCmATyRGKHe,hash
Viessmann Technika Grzewcza,plain
wactHtObdKyHESujTlVVHAPEZDR,hash
VISION Express SP,plain
NPiUYUuFjRnBKghbS,hash
Visscher Caravelle,plain
DRmgVJxgZHDvsAeMaP,hash
Vistal Gdynia,plain
mAMfdkXYHBBBw,hash
Vistula Group,plain
uWAijRaDBmJte,hash
Vita Polymers Poland,plain
DUhflTmygErDseqWoixC,hash
Vitkovice Milmet,plain
AUmfTMnyGnyvHrky,hash
Vitrosilicon,plain
oHzhpbeuwCiS,hash
Viva Manufacturing Poland,plain
BroOTxjYhtjllIxRLlvYjkSre,hash
Volkswagen Group,plain
xAMzwQFkPmWHOuGX,hash
Volkswagen Motor,plain
qEutnMxiVltkqOKW,hash
Volkswagen Poznań 21 (4),plain
tNZkJwsjxsZhNfwpjijJqrYN,hash
Volvo Polska,plain
ujszPSrsJmTL,hash
Vorwerk Autotec,plain
tNIrWjcwhsRkqHP,hash
Vox Industrie Profile,plain
aprDCWECnHKSIYDtIFsir,hash
VP Valeant,plain
KUYlikRkTr,hash
VTS,plain
zkT,hash
W Investments,plain
lUaVTXVCKpaXA,hash
Wabco Polska Sprzedaż,plain
mojKNYgZnYDsUqPUahUEL,hash
Wabco,plain
gdhrl,hash
Wadwicz,plain
vottDVN,hash
Wagat,plain
fYdtN,hash
Wago Elwag,plain
bBYXBTmUaH,hash
Wagony Świdnica 632,plain
NKGTceJMZCPKFDXkmfq,hash
Walcownia Metali Dziedzice,plain
ZSXOqMmnmSPwmWxzwLUKCKLTHc,hash
Wamex,plain
tgxqG,hash
Warbud,plain
lyqcnU,hash
Warsaw Gas Trading,plain
LFsoElZtTbtbKIBSEb,hash
Wasbruk,plain
JIkDZER,hash
Wasko,plain
xlvzV,hash
WATIS,plain
eXmCj,hash
Wavin Polska,plain
dWzXcBThSvBR,hash
Wawel,plain
VujjH,hash
Weber-Hydraulika 1787,plain
OpDKLjAkIOeGSMjxBMaIi,hash
WEPA Professional Piechowice 842,plain
jjUuopToujHBTGVicLYgAzCvNkUkdxAL,hash
Werner Kenkel,plain
atPOTQymouBYg,hash
Westpol Teeuwissen,plain
UnmMNnhmISDsJaIqwT,hash
Wezyr Holiday Service,plain
imbClDSJNKbfMvBLvnUsC,hash
Węglokoks,plain
shhHfJQDr,hash
Wielton,plain
EaRmeqi,hash
Wienerberger Ceramika Budowlana,plain
JmgWTdoCmPeMVUGAGNTwxTpKWxsKHEc,hash
Wierzejki,plain
PgcXkKOlH,hash
WIKA,plain
nMhG,hash
Wilk Elektronik,plain
iFhOeMyLWMQYaoE,hash
Wincor Nixdorf,plain
PWEERozeeNSXwp,hash
Winkhaus,plain
hwCzarYI,hash
Wipasz,plain
YPuxvZ,hash
Wirtualna Polska,plain
AABTBmTHlwEukKCt,hash
Wist,plain
RFaP,hash
Wistil,plain
muGOVR,hash
Wix-Filtron,plain
TfDrxBBWvds,hash
Wojas,plain
sEbQP,hash
Wolter Koops Oost Europa Polen,plain
qCSHKhlUFDecAbfBkQFFgEnLMYXnuZ,hash
Wolters Kluwer,plain
JyBdDDcLwBKlFl,hash
Woodward Poland,plain
JRBYdNJCUcslEjV,hash
Work Express,plain
oOeWSdfBiuYa,hash
Work Service,plain
YRrtKznphQmo,hash
Woseba,plain
uYjjuW,hash
Wójcik Fabryka Mebli,plain
CqbIjfNMuKBAicOLsRSB,hash
WPInż.P,plain
zfYpYTj,hash
WPO Alba,plain
jGGmTpsb,hash
Wrigley Poland,plain
oGYQeIGhqroiVA,hash
Wschód PRS,plain
MKWtSSNRNO,hash
WSiP,plain
GKeS,hash
WSK PZL Świdnik 314,plain
TqOIzTDWrfxAqyiDMLR,hash
Wurth Polska,plain
hHVEAbeTHtex,hash
Wyborowa SA,plain
BVMNwPldCTc,hash
WZK Victoria,plain
rlEdFWXnxcsv,hash
WZPOW,plain
ufVAa,hash
Xella Polska,plain
dHGUVwfJMKON,hash
Xerox,plain
pbJPg,hash
Yamo Polska,plain
laOFmDLquxp,hash
Yawal,plain
HqPst,hash
Yazaki Automotive,plain
hYHHfusFZQgdiEMEE,hash
Yes Biżuteria,plain
WMuFwfrVOHjGM,hash
Yetico,plain
TIELIG,hash
York,plain
TvyL,hash
Yusen Logistics,plain
zMcRttpwTYTujpW,hash
Zacisze,plain
iLlArkI,hash
ZAK,plain
vaB,hash
Zakład Drobiarski w Stasinie,plain
NJmnKehvODNfMCrXBLVzjoetHfiI,hash
Zakład Komunikacji Miejskiej,plain
yFUFTBGLFxxiHMZvXQojHQnZbwuT,hash
Zakład Kuźnia Matrycowa,plain
AOMMExydZjPmeWyPRiLLrEB,hash
Zakład Mleczarski Winnica,plain
FiQYaPBGfJhVPpbKBpogmfFKh,hash
Zakłady Azotowe Puławy 87 (37),plain
eRgLNbFQaGInFLKbitoENTntdASjKO,hash
Zakłady Chemiczne Police 139 (57),plain
pvQubEaMeBxwMkzibjtjzUDoVRHTVUgPJ,hash
Zakłady Mięsne Dobrosławów 1703,plain
uUrmSyKwXRetKlmqkoWcmxTRUjeSMLu,hash
Zakłady Mięsne Henryka Stokłosy,plain
ekodvmjqgqwRtDaYoCCRpeKcwuYtWSb,hash
Zakłady Mięsne Skiba,plain
WqsQCbSrukqBCxQoMDaB,hash
Zakłady Remontowe Energetyki Katowice 801,plain
aTWumestttnFKbkqXsVfEOVpaufclMzWunLtVfQUp,hash
Zakłady Tłuszczowe Kruszwica 130 (101),plain
zisvZFFzqhVrUuqezcGncONiBtKQiTVJOScvNy,hash
Zakłady Wodociągów i Kanalizacji,plain
lAHZECnpHxNNiwOHJyeyrRLvLwTyeOsG,hash
Zakrzewscy,plain
eyFcBBeGSm,hash
Zamet Industry,plain
GTxGNoFFbFxXxe,hash
ZAP Sznajder Batterien,plain
fCheiJZUCHforUiFRniPlP,hash
Zarząd Morskiego Portu Gdańsk 1160,plain
kCpxnUqFfpqoCNvJWTrywoVBaqxeVWjwCq,hash
Zarząd Morskiego Portu Gdynia 1176,plain
HPGPjbkPvsfCLUByWzJOIRYhaHeyxfWyIy,hash
Zehnder Group Bolesławiec 1963,plain
scIHSIXSqXkSLcdkDMxfhtIqMmxiTx,hash
Zelmer PRO,plain
lbLrNdxZJW,hash
Zenithoptimedia Group,plain
zNEltvHZAoyZHtpCYibxB,hash
Zentis Polska,plain
eZTATXaWWKsxQ,hash
Zespół Elektrowni PAK,plain
LhHRnEHUeDjfboVwInViK,hash
Zetkama,plain
NaSBUtw,hash
ZGH Bolesław,plain
VTkoXLFjhhyS,hash
Ziaja Ltd. ZPL,plain
BKjKjWFJzNBogH,hash
Zielona Budka,plain
FrrvYKKkEkIlZ,hash
ZIKO Apteki,plain
WRVStqnzHQJ,hash
Złomex ZPZ,plain
KBNLUynMFo,hash
Złomrex Metal,plain
hOnuiRGdhgvlv,hash
ZM Ropczyce 1205,plain
AjTkOCVPAEaPnwGm,hash
ZM Silesia,plain
oDcxENvhnS,hash
ZM WSK Rzeszów 1275,plain
TLroZaULsvDBYTzzKeL,hash
ZNTK,plain
ryoM,hash
Zoeller Tech,plain
ECGSFfYPCvdl,hash
Zomar,plain
FtSGd,hash
ZPAS,plain
DUqk,hash
ZPM Henryk Kania SA,plain
dtnEMgElWcMavdeSXAK,hash
ZPM JBB Import-Export,plain
LPSgKuyvfTtQbdQkTIsPK,hash
ZPOW Dawtona,plain
gGDiTMKmsZdK,hash
ZPR,plain
Xtw,hash
ZPUE,plain
aESX,hash
ZPW Trzuskawica,plain
pNjzssWAkytUrcY,hash
ZRB Wam,plain
JkFhvKt,hash
ZRUG Zabrze 1097,plain
pXmXdsfJlCnaHACc,hash
ZRUG,plain
VGGg,hash
ZTE Poland,plain
IqyllvuqaC,hash
ZUE,plain
zrE,hash
ZUHIP,plain
sHkCN,hash
ZWiK,plain
SMru,hash
Żabka,plain
YsGVp,hash
Żywiec Zdró,plain
BEhGEfYpPjI,hash